,practica,responsabilidad,gestion,equipo,ingenieria,informacion,industrial,office,excel,diseno,analisis
0,contabilidad,1,0,0,0,0,0,0,0,0,0
1,administracion,1,0,0,0,0,0,0,0,0,0
2,administracion,1,0,0,0,0,0,1,1,0,0
4,contabilidad,1,0,0,0,0,0,1,1,0,0
6,derecho,1,0,1,0,0,0,0,0,0,0
7,contabilidad,1,0,1,0,0,0,0,0,0,0
8,ingenieria,1,1,1,1,1,1,0,1,0,0
9,contabilidad,1,0,0,0,0,0,1,0,0,0
10,derecho,1,1,0,0,0,0,1,0,0,0
12,comunicaciones,1,0,1,0,0,0,0,0,1,0
13,contabilidad,1,0,0,0,0,0,0,0,0,0
14,comercial,1,1,0,1,1,1,0,1,0,1
15,ingenieria,1,0,0,0,0,1,0,1,0,0
16,comercial,1,0,0,1,0,1,1,1,0,0
17,comercial,1,0,1,0,1,1,1,0,0,0
18,economia,1,1,1,1,1,1,0,1,0,1
19,comercial,1,1,0,1,1,1,0,1,0,1
20,ingenieria,1,0,1,1,1,0,0,0,0,0
22,contabilidad,1,0,1,0,1,0,1,1,0,1
23,derecho,1,1,0,0,0,0,0,0,0,1
24,comercial,1,1,0,1,0,1,0,1,0,0
25,comercial,1,1,0,1,0,1,0,1,0,1
26,marketing,1,0,0,0,0,0,0,0,0,0
27,marketing,1,0,0,0,0,0,0,0,0,0
29,derecho,1,0,0,0,0,0,0,1,0,0
30,derecho,1,0,0,0,0,0,0,1,0,0
31,contabilidad,1,0,0,0,0,0,0,0,0,0
33,contabilidad,1,0,0,0,0,0,0,1,0,0
34,mantenimiento,1,1,1,1,0,1,1,0,0,0
36,contabilidad,1,0,0,0,0,0,0,0,0,0
37,marketing,1,0,0,0,0,0,0,0,0,0
38,marketing,1,0,0,0,0,0,0,0,0,0
39,derecho,1,0,1,0,0,0,0,0,0,0
40,marketing,1,0,0,0,0,0,0,0,0,0
41,ingenieria,1,0,0,1,0,1,0,1,0,0
42,ingenieria,1,0,0,1,0,1,0,1,0,0
43,ingenieria,1,0,0,1,0,1,0,1,0,0
44,medicina,1,0,0,0,0,0,1,0,0,0
45,arquitectura,1,0,0,0,0,0,0,1,0,0
46,marketing,1,0,0,0,0,0,0,1,0,0
48,contabilidad,1,0,0,0,0,0,1,0,0,0
49,contabilidad,1,0,0,0,0,0,1,0,0,0
50,contabilidad,1,0,0,0,0,0,1,0,0,0
51,contabilidad,1,1,0,0,1,1,0,1,0,0
52,contabilidad,1,0,0,1,1,1,0,1,0,0
53,ingenieria,1,0,0,0,1,1,0,1,0,0
55,derecho,1,0,0,0,0,0,0,0,0,0
56,psicologia,1,0,0,0,0,0,1,0,0,0
57,ingenieria,1,1,0,1,0,0,0,0,0,0
58,ingenieria,1,1,0,1,0,0,0,0,0,0
59,ingenieria,1,1,0,1,0,0,0,0,0,0
60,contabilidad,1,0,0,0,0,0,1,0,0,0
61,contabilidad,1,0,0,0,0,0,1,0,0,0
62,administracion,1,0,0,0,0,0,1,0,0,0
63,administracion,1,0,0,0,0,0,1,0,0,0
64,derecho,1,0,0,0,0,1,0,0,0,0
65,contabilidad,1,0,0,0,0,0,1,0,0,0
66,marketing,1,0,0,0,1,0,0,0,0,0
67,economia,1,0,0,0,0,0,0,1,0,0
69,marketing,1,0,0,0,0,0,0,0,0,0
70,sistemas,1,0,0,0,1,0,0,0,0,0
71,sistemas,1,0,0,0,1,0,0,0,0,0
72,ingenieria,1,0,0,1,0,1,0,0,0,0
73,ingenieria,1,0,0,1,0,1,0,0,0,0
74,ingenieria,1,0,0,1,0,1,0,0,0,0
76,derecho,1,1,0,0,0,0,0,0,0,0
77,ingenieria,1,0,0,1,0,1,0,1,0,0
78,contabilidad,1,0,0,0,0,0,0,1,0,0
79,contabilidad,1,0,0,0,0,0,0,1,0,0
80,diseno,1,0,0,0,0,0,0,0,1,0
81,ingenieria,1,1,1,1,1,1,1,1,1,1
82,ingenieria,1,1,1,1,1,1,1,1,1,1
83,ingenieria,1,1,1,1,1,1,1,1,1,1
84,psicologia,1,0,0,0,1,1,1,1,0,0
86,ingenieria,1,0,0,0,1,1,0,0,0,0
87,finanzas,1,0,0,0,0,1,0,1,0,0
88,derecho,1,0,0,0,1,0,0,0,0,0
89,ingenieria,1,0,0,0,1,1,0,1,0,0
90,ingenieria,1,0,0,1,1,1,1,1,0,0
91,comercial,1,0,0,0,0,0,1,0,0,1
92,contabilidad,1,0,1,0,1,0,1,1,0,0
93,contabilidad,1,0,0,0,0,0,0,1,0,0
94,derecho,1,1,0,0,1,0,1,0,0,1
95,arquitectura,1,0,0,0,1,0,1,0,0,0
96,diseno,1,0,0,0,0,0,0,0,1,0
97,marketing,1,0,1,0,0,0,1,0,1,0
98,diseno,1,0,1,0,0,0,0,0,1,0
99,ingenieria,1,0,0,1,0,0,1,1,0,0
100,ingenieria,1,0,0,1,0,0,1,1,0,0
101,ingenieria,1,0,0,1,0,1,0,1,0,0
102,ingenieria,1,0,0,1,0,1,0,1,0,0
103,ingenieria,1,0,0,1,0,1,0,1,0,0
104,sistemas,1,0,1,1,1,0,1,0,0,0
105,ingenieria,1,0,0,0,0,1,0,1,0,0
106,comunicaciones,1,1,0,0,0,0,0,0,1,0
107,contabilidad,1,0,0,0,0,0,0,1,0,0
108,comunicaciones,1,0,0,0,0,0,0,0,0,0
110,derecho,1,0,0,1,1,1,0,1,0,0
111,marketing,1,0,0,1,0,0,0,1,0,0
112,administracion,1,0,0,1,0,1,1,1,0,0
114,ingenieria,1,0,0,1,1,0,0,0,0,1
115,sistemas,1,0,0,1,1,0,0,1,0,0
116,psicologia,1,0,0,0,0,0,0,0,0,0
117,ingenieria,1,0,0,0,0,1,0,1,0,0
118,sistemas,1,0,0,0,1,0,1,0,0,0
119,ingenieria,1,0,0,0,0,1,0,1,0,0
120,sistemas,1,0,0,0,0,0,0,0,0,0
121,ingenieria,1,0,0,0,0,0,0,0,1,1
122,sistemas,1,0,1,1,1,0,1,1,1,0
123,sistemas,1,0,1,1,1,0,1,1,1,0
124,sistemas,1,0,1,1,1,0,1,1,1,0
125,psicologia,1,0,0,0,0,0,1,0,0,0
126,marketing,1,0,1,0,1,1,0,1,1,1
127,derecho,1,0,0,1,0,1,0,1,0,0
128,comercial,1,0,0,1,1,1,0,1,0,0
129,contabilidad,1,0,0,0,0,0,1,0,0,1
130,sistemas,1,0,1,1,1,0,0,0,1,1
131,ingenieria,1,0,0,1,0,0,1,0,0,0
132,sistemas,1,0,1,1,1,0,0,0,1,1
133,diseno,1,0,0,0,0,0,0,0,1,0
134,derecho,1,0,0,0,0,0,0,0,0,0
135,mantenimiento,1,0,0,0,0,0,0,0,0,0
136,contabilidad,1,0,0,0,1,0,0,0,0,0
137,marketing,1,0,0,0,0,0,0,0,1,0
138,finanzas,1,0,0,0,0,0,0,1,0,0
139,sistemas,1,0,0,1,1,0,0,0,0,0
140,contabilidad,1,0,0,0,0,0,0,0,0,0
141,derecho,1,0,1,0,0,0,1,0,0,0
142,psicologia,1,1,0,0,1,0,0,0,0,0
143,psicologia,1,0,0,1,1,1,0,1,0,0
145,ingenieria,1,0,0,0,1,0,0,1,0,0
146,contabilidad,1,0,1,0,1,0,0,1,0,1
147,marketing,1,0,1,0,0,0,0,0,1,0
149,sistemas,1,0,0,0,0,0,0,0,0,0
150,ingenieria,1,0,1,0,0,1,0,1,0,1
151,ingenieria,1,1,0,1,0,1,0,1,0,0
152,ingenieria,1,1,0,1,1,1,0,1,0,0
153,psicologia,1,1,0,0,0,0,0,0,0,0
154,comercial,1,0,0,0,0,0,0,0,0,0
155,ingenieria,1,0,0,0,0,1,0,1,0,0
156,ingenieria,1,1,1,1,1,1,1,1,0,0
157,psicologia,1,1,1,0,1,0,0,1,0,1
158,finanzas,1,0,0,1,1,1,0,1,0,1
159,contabilidad,1,0,1,0,0,0,1,0,0,0
160,ingenieria,1,0,0,1,0,1,1,1,0,0
161,sistemas,1,0,0,0,0,0,0,0,0,0
162,derecho,1,0,1,0,0,1,0,0,0,0
163,psicologia,1,0,0,0,0,0,0,1,0,0
164,finanzas,1,0,0,1,0,0,1,1,0,0
165,ingenieria,1,0,0,0,0,1,0,0,0,0
166,derecho,1,0,0,0,0,0,1,0,0,0
167,contabilidad,1,0,0,0,0,0,0,1,0,0
168,ingenieria,1,0,0,1,0,1,0,1,0,0
169,diseno,1,0,0,0,0,0,0,0,1,0
170,contabilidad,1,1,0,0,0,0,0,0,0,0
171,sistemas,1,0,0,1,1,0,0,0,0,0
172,diseno,1,0,0,0,0,0,0,0,1,0
173,mantenimiento,1,0,1,0,0,0,1,0,0,0
175,marketing,1,1,1,1,1,1,0,1,0,1
176,comunicaciones,1,0,0,0,0,0,0,0,1,0
177,comercial,1,1,0,0,1,1,1,1,0,0
178,administracion,1,1,1,0,0,0,1,0,0,0
179,ingenieria,1,0,0,1,1,1,1,1,0,0
180,ingenieria,1,0,0,1,1,1,1,1,0,0
181,ingenieria,1,0,0,1,1,1,1,1,0,0
182,sistemas,1,0,1,0,0,0,0,0,0,0
183,sistemas,1,0,1,0,0,0,0,0,0,0
184,sistemas,1,0,1,0,0,0,0,0,0,0
185,sistemas,1,0,1,0,0,0,0,0,0,0
186,psicologia,1,1,0,0,0,0,0,0,0,0
187,psicologia,1,1,0,0,0,0,0,0,0,0
188,ingenieria,1,0,0,0,1,0,0,0,0,0
189,ingenieria,1,0,0,0,1,0,0,0,0,0
190,administracion,1,1,0,1,0,1,0,1,0,0
191,psicologia,1,0,0,0,0,0,0,0,0,0
192,comunicaciones,1,0,0,0,1,0,0,1,0,0
193,ventas,1,0,0,0,0,0,0,1,0,0
194,administracion,1,0,0,0,0,1,0,0,0,0
195,administracion,1,0,0,1,0,1,0,1,0,0
196,ingenieria,1,0,0,1,1,1,0,1,0,1
197,finanzas,1,0,1,0,0,0,0,1,0,0
198,ingenieria,1,0,0,0,1,0,0,1,0,0
199,finanzas,1,0,0,0,0,0,1,1,0,1
200,ingenieria,1,0,1,1,0,1,0,0,0,0
201,ingenieria,1,0,1,0,0,1,0,0,0,0
202,diseno,1,0,0,0,0,0,1,0,1,0
203,marketing,1,0,0,0,1,0,1,0,0,0
204,marketing,1,0,0,0,0,0,0,0,1,0
205,mantenimiento,1,0,1,0,0,1,0,0,0,0
206,sistemas,1,0,1,0,1,0,0,0,0,0
208,administracion,1,1,0,1,0,1,0,1,0,0
209,ingenieria,1,0,0,1,0,0,0,1,0,0
210,psicologia,1,0,0,1,0,1,0,1,0,0
212,marketing,1,0,0,0,0,0,0,0,1,0
214,marketing,1,0,1,0,1,0,0,1,0,0
215,comunicaciones,1,0,0,1,1,0,1,1,0,1
216,contabilidad,1,0,0,0,0,0,1,0,0,0
217,administracion,1,0,0,0,0,0,1,0,0,0
218,ingenieria,1,0,0,0,0,0,0,0,0,0
220,administracion,1,1,1,0,0,0,1,1,0,0
221,contabilidad,1,0,0,0,0,0,1,0,0,0
222,ingenieria,1,0,1,1,1,0,0,0,0,1
223,sistemas,1,0,0,0,0,0,0,0,0,0
224,psicologia,1,0,0,0,0,0,0,0,0,0
225,marketing,1,0,0,0,0,0,1,0,1,0
226,contabilidad,1,1,1,0,0,0,1,1,0,0
227,contabilidad,1,1,1,0,0,0,1,1,0,0
228,contabilidad,1,1,1,0,0,0,1,1,0,0
229,sistemas,1,0,1,0,0,0,0,0,0,0
231,sistemas,1,1,1,1,1,0,0,1,0,1
233,sistemas,1,1,1,1,1,0,0,1,0,1
234,ingenieria,1,1,0,0,0,0,0,1,0,0
235,contabilidad,1,0,0,0,0,0,0,1,0,0
236,ingenieria,1,0,1,1,1,1,1,0,1,0
237,administracion,1,1,1,0,0,0,1,0,0,0
238,finanzas,1,0,0,0,0,0,0,1,0,1
240,administracion,1,1,1,0,1,1,0,1,0,1
241,psicologia,1,0,0,0,0,0,0,0,0,0
242,contabilidad,1,0,0,0,1,0,0,0,0,0
243,ingenieria,1,1,0,0,1,1,1,0,0,0
244,comercial,1,0,0,1,1,1,1,0,0,0
245,marketing,1,1,0,0,1,0,0,0,1,0
246,sistemas,1,0,1,1,1,0,1,1,0,0
247,ingenieria,1,1,1,0,1,1,0,0,0,0
248,psicologia,1,1,0,1,0,1,0,1,0,1
249,ingenieria,1,0,0,1,0,1,1,1,0,0
250,marketing,1,0,0,1,1,1,0,1,0,0
251,comercial,1,1,0,0,1,1,0,1,0,0
252,ingenieria,1,1,0,1,0,1,0,1,0,0
253,mantenimiento,1,0,1,0,1,1,1,0,0,0
254,contabilidad,1,1,1,0,0,0,0,0,0,0
255,finanzas,1,0,0,0,1,1,1,0,0,0
256,ingenieria,1,0,0,0,1,0,0,0,0,0
257,ventas,1,0,0,0,1,1,0,1,0,0
258,ingenieria,1,0,0,1,0,0,0,1,0,0
259,ingenieria,1,0,0,0,1,0,0,0,0,0
260,contabilidad,1,0,1,0,0,0,0,1,0,1
261,ingenieria,1,1,1,1,0,1,0,1,0,0
262,psicologia,1,1,0,1,0,1,1,0,0,0
263,psicologia,1,1,0,1,0,1,1,0,0,0
264,ingenieria,1,0,1,0,0,0,1,1,0,0
265,ingenieria,1,0,1,0,0,0,1,1,0,0
266,ingenieria,1,0,0,1,1,0,0,0,0,0
267,ingenieria,1,0,0,1,1,0,0,0,0,0
268,economia,1,0,0,0,0,1,0,1,0,0
269,economia,1,0,0,0,0,1,0,1,0,0
270,economia,1,0,0,0,0,1,0,1,0,0
271,ingenieria,1,0,0,0,0,0,1,1,0,0
272,ingenieria,1,0,0,0,0,0,1,1,0,0
273,derecho,1,0,1,0,1,0,0,0,0,0
274,sistemas,1,0,1,1,1,0,1,0,0,0
276,sistemas,1,0,0,0,1,0,1,1,0,1
277,derecho,1,0,0,0,1,0,0,1,0,1
278,ingenieria,1,0,0,1,1,1,0,1,0,0
279,contabilidad,1,0,1,0,0,0,0,0,0,0
280,comunicaciones,1,0,0,0,1,0,0,0,1,0
281,marketing,1,0,0,0,0,0,0,1,0,0
282,diseno,1,0,0,0,0,0,0,1,1,0
283,comercial,1,0,1,0,0,1,1,1,0,0
284,contabilidad,1,0,1,0,0,0,0,0,0,0
285,marketing,1,0,0,0,1,0,0,0,0,1
286,administracion,1,1,0,1,0,1,0,1,1,0
287,ingenieria,1,0,0,1,0,1,0,1,0,0
288,psicologia,1,0,0,0,0,1,1,0,0,0
289,derecho,1,0,0,0,0,0,0,0,0,0
290,ingenieria,1,0,0,0,0,1,0,0,0,0
291,comunicaciones,1,1,0,0,1,1,0,0,0,0
292,comercial,1,1,1,1,0,1,0,1,0,0
294,contabilidad,1,0,1,0,0,0,0,0,0,1
295,administracion,1,1,0,1,0,1,0,1,1,0
296,mantenimiento,1,0,1,0,1,0,0,1,0,0
297,ingenieria,1,0,0,1,1,1,1,0,1,0
298,psicologia,1,1,0,0,0,0,1,0,0,0
299,contabilidad,1,0,0,1,1,1,1,0,0,0
300,arquitectura,1,0,1,0,0,0,0,0,0,0
301,ingenieria,1,0,1,1,1,0,0,1,0,0
302,psicologia,1,1,0,1,0,1,1,0,0,0
303,contabilidad,1,0,1,1,1,1,0,1,0,0
304,contabilidad,1,0,0,0,0,0,1,0,0,0
305,ingenieria,1,1,0,0,0,1,0,0,0,0
306,sistemas,1,0,0,0,1,0,1,1,0,1
307,administracion,1,0,1,1,1,1,0,0,0,0
308,comercial,1,1,0,0,1,1,1,1,0,0
309,ingenieria,1,0,1,1,1,1,1,0,0,0
311,diseno,1,1,0,0,0,0,0,0,1,0
312,contabilidad,1,0,1,0,0,0,0,1,0,1
313,ingenieria,1,0,0,0,0,1,1,0,0,0
314,contabilidad,1,0,0,0,0,0,0,0,0,0
315,mantenimiento,1,0,1,0,0,1,0,0,0,0
316,comercial,1,0,0,0,0,1,0,1,0,1
317,administracion,1,0,0,0,0,0,1,0,0,0
318,sistemas,1,0,1,0,1,0,0,0,0,1
319,ingenieria,1,0,0,0,0,1,0,1,0,0
320,ingenieria,1,0,0,0,0,1,0,1,0,0
321,ingenieria,1,0,0,0,0,1,0,1,0,0
322,finanzas,1,0,1,0,0,0,0,0,0,0
323,sistemas,1,0,1,1,0,0,0,0,0,0
324,diseno,1,1,1,0,1,0,1,0,1,0
325,comunicaciones,1,1,1,0,1,0,1,0,1,0
327,ingenieria,1,0,0,0,0,1,0,1,0,1
328,sistemas,1,0,1,0,0,0,0,0,1,0
329,sistemas,1,0,1,0,0,0,0,0,1,0
330,ingenieria,1,0,0,0,0,0,0,1,0,1
331,ingenieria,1,0,0,0,0,0,0,1,0,1
332,ingenieria,1,0,0,0,0,0,0,1,0,1
333,ingenieria,1,1,0,1,1,0,1,0,0,0
334,ingenieria,1,1,0,1,1,0,1,0,0,0
335,ingenieria,1,1,0,1,1,0,1,0,0,0
336,contabilidad,1,1,1,0,0,0,1,1,0,0
337,contabilidad,1,1,1,0,0,0,1,1,0,0
338,psicologia,1,1,0,0,1,0,0,1,0,0
339,sistemas,1,0,0,0,1,0,0,0,0,0
340,finanzas,1,0,1,0,1,0,0,1,0,1
341,ingenieria,1,1,0,0,0,1,0,0,0,0
342,contabilidad,1,0,1,0,0,0,0,1,0,1
343,finanzas,1,0,0,0,1,0,0,1,0,0
344,derecho,1,0,1,0,0,0,1,0,0,0
345,comunicaciones,1,1,0,0,1,0,1,1,1,0
346,ingenieria,1,0,0,1,1,1,0,0,0,0
347,psicologia,1,1,0,0,1,0,0,1,0,0
348,ingenieria,1,1,0,1,1,1,0,1,0,0
349,ingenieria,1,1,0,0,0,0,1,1,1,0
350,administracion,1,1,1,0,1,0,0,1,0,0
351,ingenieria,1,0,0,1,1,1,0,0,0,0
352,psicologia,1,1,0,0,1,1,0,0,0,0
353,ingenieria,1,0,0,1,1,1,1,0,0,0
354,ingenieria,1,0,0,0,0,1,0,1,0,1
355,psicologia,1,0,1,0,0,0,0,1,0,0
356,psicologia,1,0,1,1,1,1,1,0,0,0
357,contabilidad,1,0,0,0,1,0,1,0,0,1
358,mantenimiento,1,0,1,1,0,1,1,1,0,1
359,marketing,1,0,0,0,0,0,1,1,1,0
360,ingenieria,1,0,0,0,0,1,0,1,0,0
361,ingenieria,1,0,1,1,1,0,0,0,0,0
362,derecho,1,0,0,0,0,1,0,0,0,0
363,sistemas,1,1,1,0,1,0,1,0,0,0
364,ingenieria,1,1,1,1,1,1,1,0,0,1
365,ingenieria,1,0,0,0,0,0,1,0,0,0
366,marketing,1,1,1,1,1,1,0,1,0,1
367,marketing,1,1,1,0,0,0,0,0,0,0
368,sistemas,1,0,0,0,0,0,0,1,1,1
369,contabilidad,1,1,0,1,0,1,1,0,0,1
370,contabilidad,1,1,0,1,0,1,1,0,0,1
371,sistemas,1,0,1,0,0,0,0,0,0,0
372,marketing,1,0,0,0,1,0,0,1,1,0
373,sistemas,1,1,0,0,1,1,1,0,0,0
375,medicina,1,0,0,0,0,0,0,0,0,0
378,finanzas,1,0,0,0,0,0,1,1,0,0
379,ventas,1,0,0,0,1,1,0,0,0,1
380,mantenimiento,1,1,0,0,1,0,0,0,0,0
381,medicina,1,0,0,1,0,1,0,0,0,1
382,comercial,1,0,0,0,0,1,0,0,0,0
383,administracion,1,1,0,0,0,0,1,0,0,0
384,ingenieria,1,1,0,0,0,1,1,0,0,0
385,ingenieria,1,1,0,1,0,0,1,0,0,0
386,ingenieria,1,0,0,0,1,1,0,0,0,0
387,ingenieria,1,0,0,0,1,1,0,0,0,0
388,psicologia,1,0,0,1,1,0,0,1,0,0
389,ingenieria,1,0,1,0,1,1,0,1,0,0
390,administracion,1,1,0,0,0,1,1,0,1,0
391,administracion,1,1,1,1,0,1,0,1,0,0
392,finanzas,1,0,0,0,0,1,0,1,0,0
393,psicologia,1,1,0,0,0,1,1,0,1,0
394,ingenieria,1,1,0,1,0,1,0,1,0,0
395,diseno,1,0,1,0,0,0,1,0,1,0
396,sistemas,1,0,0,1,0,1,0,0,0,0
397,ingenieria,1,0,0,1,1,0,0,0,1,0
398,ingenieria,1,1,0,1,0,0,1,0,1,0
399,diseno,1,0,1,0,0,0,0,0,1,0
400,administracion,1,0,0,0,0,0,1,0,0,0
401,psicologia,1,1,0,0,0,0,0,0,0,0
402,psicologia,1,0,1,0,0,0,1,0,0,0
403,ingenieria,1,1,0,0,0,1,1,0,0,1
404,sistemas,1,0,1,1,1,0,0,0,1,1
405,marketing,1,0,1,0,0,0,0,0,0,0
406,sistemas,1,0,0,1,1,0,0,0,0,0
407,administracion,1,0,0,1,0,1,0,0,0,0
408,contabilidad,1,0,0,0,0,0,0,0,0,1
410,sistemas,1,0,0,1,1,0,0,1,0,0
412,ingenieria,1,1,1,1,0,0,1,0,0,0
413,contabilidad,1,0,0,0,1,0,1,0,0,0
414,finanzas,1,0,0,0,0,0,1,0,0,0
415,mantenimiento,1,1,1,1,0,1,0,1,0,0
416,psicologia,1,1,1,0,1,1,0,1,0,0
417,sistemas,1,0,0,1,0,0,0,0,0,0
418,ingenieria,1,0,0,1,0,1,0,1,0,0
419,sistemas,1,0,1,1,1,0,0,0,1,1
420,administracion,1,0,0,0,0,0,0,0,0,0
421,administracion,1,0,0,0,0,0,0,0,0,0
422,administracion,1,0,0,0,0,0,0,0,0,0
423,derecho,1,1,1,0,0,0,1,0,0,0
424,marketing,1,1,1,1,1,1,0,1,0,0
425,psicologia,1,0,1,1,1,1,0,1,0,1
426,psicologia,1,1,1,1,0,1,0,1,1,1
427,marketing,1,1,1,1,1,1,0,1,0,1
428,ingenieria,1,0,1,1,0,0,1,0,0,1
429,psicologia,1,0,1,0,1,0,0,1,0,0
430,contabilidad,1,0,0,0,0,0,1,0,0,0
431,finanzas,1,0,0,1,0,1,0,1,0,1
432,sistemas,1,0,1,1,1,0,0,1,0,0
435,ingenieria,1,0,0,0,0,0,1,0,0,0
436,ingenieria,1,0,0,1,0,1,0,1,0,0
437,ingenieria,1,0,1,0,1,1,0,1,0,0
438,ingenieria,1,0,0,1,0,0,0,1,1,1
439,contabilidad,1,0,0,1,1,0,0,1,0,0
440,contabilidad,1,0,0,1,0,1,1,0,0,0
441,administracion,1,0,0,1,0,1,0,1,0,1
442,contabilidad,1,1,0,0,0,0,0,1,0,0
444,contabilidad,1,0,0,0,0,0,0,0,0,0
445,psicologia,1,1,0,0,0,0,0,1,0,0
446,finanzas,1,1,0,0,0,0,1,1,0,0
447,ingenieria,1,0,0,1,0,1,0,1,0,0
448,administracion,1,1,0,0,0,0,0,1,0,0
449,ingenieria,1,0,1,1,1,0,1,0,0,0
450,marketing,1,0,0,0,1,0,0,0,1,0
451,ingenieria,1,0,0,1,0,1,0,1,1,0
452,ingenieria,1,0,0,1,0,1,0,1,1,0
453,ingenieria,1,0,0,1,0,1,0,1,1,0
454,marketing,1,1,0,0,0,0,0,0,1,1
455,marketing,1,1,0,0,0,0,0,0,1,1
458,comunicaciones,1,1,1,0,0,0,1,1,1,0
459,ingenieria,1,1,0,0,0,0,0,1,0,0
460,comunicaciones,1,0,1,0,0,0,0,1,0,0
461,psicologia,1,1,1,0,0,0,1,1,0,0
462,sistemas,1,1,0,1,0,0,0,0,1,0
465,psicologia,1,1,0,0,0,1,1,1,0,0
466,finanzas,1,1,1,0,0,0,0,1,0,1
467,ingenieria,1,0,0,1,0,0,0,1,0,1
468,mantenimiento,1,0,1,0,1,1,0,1,0,1
470,derecho,1,0,0,0,1,0,0,0,0,0
471,contabilidad,1,1,0,1,0,0,0,1,0,1
475,ingenieria,1,0,0,1,0,1,0,1,0,0
476,comunicaciones,1,0,0,0,0,0,0,0,1,0
477,comunicaciones,1,0,0,0,0,0,1,1,1,0
479,contabilidad,1,0,1,0,0,0,0,1,0,0
480,finanzas,1,0,0,0,0,0,0,1,0,0
481,administracion,1,0,0,0,0,0,0,0,0,0
482,ingenieria,1,0,0,1,0,1,0,1,0,1
483,mantenimiento,1,0,1,0,1,0,0,0,0,0
484,administracion,1,0,1,1,0,1,1,0,0,0
485,ingenieria,1,0,0,1,0,1,0,1,0,0
486,ingenieria,1,1,0,1,1,1,1,0,0,0
487,psicologia,1,1,1,0,0,0,0,1,0,0
488,sistemas,1,0,0,1,1,1,0,0,0,0
489,finanzas,1,0,1,0,0,0,1,0,0,1
490,finanzas,1,0,0,0,0,0,0,1,0,0
491,derecho,1,0,0,0,1,1,1,0,0,0
492,ingenieria,1,0,0,0,0,1,0,1,0,0
493,psicologia,1,0,0,0,0,1,0,0,0,0
494,marketing,1,0,0,1,0,1,0,1,0,0
495,marketing,1,0,0,0,0,0,0,1,1,1
496,comunicaciones,1,0,0,0,1,0,0,0,0,0
498,sistemas,1,1,1,1,1,0,1,1,0,0
499,administracion,1,0,1,1,0,0,1,1,1,0
500,contabilidad,1,0,1,0,1,0,0,1,0,0
501,ingenieria,1,0,1,0,1,1,1,1,0,1
502,sistemas,1,0,0,1,1,1,0,0,1,1
504,psicologia,1,0,1,0,0,0,0,1,0,0
505,ingenieria,1,1,1,1,1,1,1,1,0,0
506,marketing,1,0,0,0,1,0,1,0,1,0
507,ingenieria,1,0,1,1,0,1,1,0,0,0
508,marketing,1,0,0,0,1,0,1,0,1,0
509,mantenimiento,1,0,1,0,1,1,0,0,0,0
510,ingenieria,1,0,0,1,0,1,1,0,0,0
511,sistemas,1,1,0,1,1,0,0,1,0,0
512,psicologia,1,1,1,1,1,1,0,1,0,0
513,psicologia,1,0,1,1,0,0,0,1,0,0
514,sistemas,1,1,0,1,1,0,1,0,1,1
515,sistemas,1,0,1,1,1,0,0,0,1,1
516,contabilidad,1,1,0,0,0,0,1,0,0,0
518,contabilidad,1,1,0,0,0,0,0,1,0,1
519,marketing,1,1,1,0,1,0,0,0,0,1
520,comunicaciones,1,0,1,0,0,0,0,1,0,0
521,ingenieria,1,0,0,1,1,0,1,1,0,1
522,ingenieria,1,0,0,1,1,1,0,1,0,1
523,psicologia,1,0,0,0,0,0,0,0,0,0
525,marketing,1,0,1,1,0,1,0,1,0,0
526,comunicaciones,1,1,0,0,0,0,0,0,1,1
527,administracion,1,0,0,0,1,0,1,1,0,0
528,marketing,1,0,0,0,1,0,0,1,0,0
529,psicologia,1,0,0,0,0,1,0,0,0,0
530,ingenieria,1,0,1,1,1,0,0,1,0,1
531,medicina,1,0,0,0,0,0,0,0,0,0
532,comercial,1,0,0,1,1,0,0,1,0,0
533,contabilidad,1,0,1,1,1,1,0,0,0,0
534,ingenieria,1,0,0,0,0,0,0,0,0,0
535,contabilidad,1,0,0,0,0,0,0,0,0,0
536,sistemas,1,0,0,1,0,0,0,0,0,0
537,marketing,1,0,0,0,0,0,0,1,0,0
538,psicologia,1,0,0,0,0,0,0,0,0,0
540,administracion,1,1,0,1,0,1,1,0,0,0
541,ingenieria,1,0,0,0,0,0,0,0,0,1
542,ingenieria,1,0,1,1,0,0,0,1,0,0
543,contabilidad,1,0,0,0,0,0,0,0,0,0
544,comercial,1,1,0,0,1,1,1,0,0,0
545,sistemas,1,1,0,1,0,1,0,1,0,0
546,sistemas,1,1,0,1,0,1,0,1,0,0
547,sistemas,1,1,0,1,0,1,0,1,0,0
548,marketing,1,0,0,0,0,0,0,0,0,0
549,sistemas,1,0,0,0,1,0,0,0,0,0
550,ingenieria,1,1,1,1,0,1,0,1,0,1
551,contabilidad,1,0,0,0,0,0,0,1,0,0
552,contabilidad,1,0,0,0,0,0,1,0,0,0
553,administracion,1,0,1,0,0,0,0,0,0,0
554,administracion,1,0,0,1,1,1,1,0,0,0
555,medicina,1,1,0,0,0,0,0,0,0,0
556,marketing,1,0,0,0,0,0,0,1,1,0
557,sistemas,1,0,1,1,1,0,0,1,0,0
558,ingenieria,1,1,0,1,1,1,0,0,0,0
559,psicologia,1,1,0,1,1,1,1,0,0,0
560,mantenimiento,1,0,0,0,0,1,0,0,0,0
561,mantenimiento,1,0,0,0,0,1,0,0,0,0
562,mantenimiento,1,0,0,0,0,1,0,0,0,0
563,administracion,1,1,0,0,1,1,0,1,0,0
564,psicologia,1,1,1,0,0,1,1,0,0,0
565,administracion,1,1,0,1,1,0,1,1,1,0
566,administracion,1,1,0,1,0,1,0,1,0,0
567,administracion,1,0,0,0,1,0,1,1,0,0
568,administracion,1,1,0,1,0,1,0,1,0,0
569,diseno,1,0,0,0,0,0,0,0,1,0
570,administracion,1,0,0,1,0,1,0,1,0,0
571,administracion,1,0,0,1,0,1,0,1,0,0
572,contabilidad,1,0,1,0,0,0,0,1,0,0
573,psicologia,1,1,0,1,0,1,0,1,0,0
574,administracion,1,1,0,0,1,0,1,0,0,0
575,contabilidad,1,0,1,0,0,0,0,1,0,1
576,derecho,1,0,0,0,0,0,0,0,0,0
578,administracion,1,0,0,0,1,0,0,1,0,1
579,psicologia,1,0,0,1,0,0,0,1,0,0
580,ingenieria,1,0,1,1,1,1,1,0,0,0
581,diseno,1,0,0,0,0,0,0,0,1,0
583,psicologia,1,1,0,0,0,0,0,1,0,0
584,ingenieria,1,0,0,0,0,0,0,0,0,0
585,ingenieria,1,1,0,1,0,1,0,1,0,0
586,mantenimiento,1,0,0,0,0,1,0,0,0,0
587,ingenieria,1,0,0,0,0,1,0,0,0,0
588,ingenieria,1,0,0,1,0,0,1,0,0,1
589,psicologia,1,0,0,0,0,0,0,1,0,0
590,marketing,1,0,0,0,0,0,1,0,1,0
591,finanzas,1,0,1,1,1,1,0,1,0,1
592,mantenimiento,1,1,0,1,0,1,0,1,0,0
594,finanzas,1,0,0,1,0,1,0,1,0,0
595,ingenieria,1,1,0,1,0,1,0,1,0,0
596,ventas,1,0,1,0,0,1,0,0,0,0
597,administracion,1,1,0,0,0,0,0,1,0,0
598,psicologia,1,1,0,0,0,0,0,1,0,0
599,contabilidad,1,0,0,0,0,0,0,1,0,0
600,administracion,1,1,1,0,1,0,0,0,0,1
601,comercial,1,1,1,1,1,0,0,1,0,0
602,psicologia,1,1,1,0,1,0,1,0,0,0
603,marketing,1,0,1,0,0,0,0,1,0,0
604,psicologia,1,0,0,0,0,0,1,0,0,0
605,administracion,1,1,0,0,0,0,1,0,0,0
606,psicologia,1,1,0,0,1,0,0,0,0,0
607,ingenieria,1,1,0,1,1,0,0,1,0,0
608,ingenieria,1,1,1,1,0,1,1,1,0,0
610,ingenieria,1,0,0,1,0,1,0,1,0,0
611,ingenieria,1,0,0,1,0,1,0,1,0,0
612,ingenieria,1,0,0,1,0,1,0,1,0,0
613,diseno,1,0,0,0,0,0,0,0,1,0
614,administracion,1,1,0,1,1,1,1,1,0,0
615,administracion,1,1,1,0,0,1,1,0,0,0
616,sistemas,1,0,0,1,0,1,0,1,0,0
617,sistemas,1,1,1,1,1,1,0,1,0,0
618,ingenieria,1,0,0,1,1,0,1,0,0,0
619,psicologia,1,0,0,1,0,1,1,0,0,0
620,administracion,1,1,1,0,1,0,0,1,0,1
621,administracion,1,1,1,0,1,0,0,1,0,1
622,finanzas,1,1,1,0,1,0,0,1,0,1
623,finanzas,1,1,1,0,1,0,0,1,0,1
624,ingenieria,1,1,0,1,0,1,0,1,0,0
625,ingenieria,1,1,0,1,0,1,0,0,0,0
626,marketing,1,1,0,0,1,0,0,0,1,0
627,psicologia,1,0,0,0,0,0,0,0,0,0
628,ingenieria,1,0,0,0,1,1,0,1,0,0
630,mantenimiento,1,0,1,1,0,1,0,1,0,0
632,contabilidad,1,1,1,1,0,0,1,1,0,0
633,ingenieria,1,0,0,0,0,1,0,1,0,0
634,ingenieria,1,0,0,0,1,1,0,1,0,0
635,ingenieria,1,1,0,0,1,0,0,1,0,0
636,sistemas,1,0,1,1,1,1,1,1,0,1
637,sistemas,1,0,0,1,0,0,0,0,0,1
638,administracion,1,1,0,0,1,0,1,0,1,0
639,ingenieria,1,1,0,1,1,0,1,0,0,0
640,marketing,1,0,0,0,1,0,0,0,0,0
641,psicologia,1,1,0,0,1,0,0,0,0,0
643,ingenieria,1,0,1,0,0,0,0,1,0,1
644,marketing,1,0,1,0,0,0,0,0,0,0
645,comercial,1,1,0,1,0,1,0,1,0,0
646,finanzas,1,0,1,0,1,0,0,1,0,0
647,ingenieria,1,0,0,1,1,1,1,0,1,0
648,administracion,1,1,1,0,0,1,0,1,1,0
649,contabilidad,1,0,0,0,0,1,0,1,0,0
650,marketing,1,0,0,0,0,0,0,1,0,0
651,ingenieria,1,0,0,0,0,0,0,0,1,0
652,sistemas,1,0,0,0,0,0,1,0,0,0
653,marketing,1,0,0,0,0,0,0,1,0,0
654,marketing,1,1,0,1,0,1,0,1,0,0
655,psicologia,1,1,0,1,1,1,0,1,0,1
656,psicologia,1,0,1,0,0,0,1,0,0,0
657,contabilidad,1,1,1,0,1,0,1,0,1,0
658,ingenieria,1,0,0,1,1,1,1,0,0,0
659,marketing,1,0,0,0,0,0,0,1,0,0
660,psicologia,1,0,0,1,0,1,1,0,0,0
661,psicologia,1,0,1,1,1,1,0,1,0,0
662,contabilidad,1,0,1,1,1,1,0,1,0,0
663,ingenieria,1,1,1,0,0,1,1,1,0,0
665,psicologia,1,0,0,1,1,1,0,1,0,0
666,psicologia,1,0,0,1,0,1,0,1,0,0
667,comercial,1,0,1,0,0,0,1,0,0,0
668,ingenieria,1,0,0,1,1,1,0,1,0,0
673,administracion,1,1,1,0,0,0,0,0,0,0
674,contabilidad,1,1,0,1,0,1,0,1,0,1
675,administracion,1,0,1,1,0,0,1,0,0,0
676,diseno,1,0,1,0,0,0,0,0,1,0
677,psicologia,1,0,1,0,1,0,0,1,0,0
678,psicologia,1,1,0,1,0,1,0,1,0,0
679,administracion,1,1,1,0,1,1,1,0,0,0
680,psicologia,1,1,0,1,1,1,0,1,0,0
681,mantenimiento,1,0,0,1,0,1,0,0,0,0
682,ingenieria,1,0,0,0,0,0,0,0,0,0
683,finanzas,1,1,0,0,0,0,0,1,0,0
684,psicologia,1,1,0,0,0,0,0,0,0,0
685,administracion,1,1,0,0,1,1,0,1,0,0
686,mantenimiento,1,0,1,1,0,0,1,0,0,0
687,sistemas,1,1,1,1,1,0,0,0,0,0
688,contabilidad,1,0,1,1,1,1,0,1,0,1
689,ingenieria,1,1,1,1,1,1,0,1,0,0
690,psicologia,1,1,0,1,0,1,0,1,0,0
691,administracion,1,1,1,0,0,0,1,0,0,0
692,comunicaciones,1,1,1,0,0,0,0,1,0,0
693,administracion,1,0,1,1,1,1,1,1,0,0
697,sistemas,1,0,1,1,1,0,0,0,1,1
698,comunicaciones,1,0,0,0,0,0,1,1,1,0
699,sistemas,1,0,1,1,0,0,1,0,0,1
700,marketing,1,0,0,1,1,1,0,0,1,0
701,ingenieria,1,0,0,0,0,1,1,0,0,0
702,psicologia,1,0,1,0,0,0,0,1,0,0
703,derecho,1,0,1,0,0,0,0,0,0,0
704,contabilidad,1,1,0,0,0,0,0,0,0,0
705,administracion,1,1,0,1,0,1,0,1,0,0
706,administracion,1,0,0,1,0,1,1,0,0,0
707,ingenieria,1,0,0,1,1,1,0,1,0,1
709,psicologia,1,1,0,1,1,1,1,0,0,0
710,psicologia,1,1,1,0,1,0,0,1,0,0
711,sistemas,1,1,0,1,1,0,1,0,1,1
712,sistemas,1,1,0,0,1,1,0,0,0,0
713,contabilidad,1,1,0,0,0,1,0,0,0,0
714,ingenieria,1,1,0,0,0,1,0,0,0,0
715,contabilidad,1,1,0,0,0,0,0,0,0,0
716,ingenieria,1,0,0,1,0,0,1,0,0,0
717,contabilidad,1,0,0,1,1,1,1,0,0,1
718,ingenieria,1,1,1,1,0,1,0,0,0,0
719,ingenieria,1,1,1,1,0,1,0,0,0,0
720,ingenieria,1,1,1,1,0,1,0,0,0,0
721,psicologia,1,1,1,0,0,0,0,0,0,0
722,finanzas,1,1,0,0,0,0,1,0,0,1
723,ingenieria,1,1,0,1,0,0,1,0,0,0
724,finanzas,1,0,0,1,1,1,0,1,0,0
725,sistemas,1,1,1,1,1,1,0,1,0,0
727,psicologia,1,0,0,1,0,1,1,0,0,0
728,psicologia,1,0,0,0,0,1,0,1,0,0
729,psicologia,1,0,0,0,0,0,0,1,0,0
730,psicologia,1,0,0,0,0,0,0,1,0,0
731,sistemas,1,0,0,0,1,0,0,0,0,0
732,administracion,1,1,0,1,0,1,0,1,0,0
733,derecho,1,0,0,0,0,0,0,0,0,0
736,ingenieria,1,1,0,1,1,1,0,1,0,1
737,diseno,1,0,1,0,0,0,0,0,1,0
738,ingenieria,1,0,0,1,0,0,0,1,0,0
739,derecho,1,0,0,0,0,0,0,0,0,0
740,derecho,1,1,0,1,1,1,0,1,0,0
741,psicologia,1,1,1,0,0,1,1,1,0,0
742,psicologia,1,1,1,0,0,0,1,1,0,0
743,administracion,1,1,0,0,1,0,0,0,0,0
744,ingenieria,1,1,0,0,0,0,0,0,0,0
745,psicologia,1,0,0,1,1,1,1,0,0,1
746,psicologia,1,0,0,1,1,1,1,0,0,1
747,psicologia,1,0,0,1,1,1,1,0,0,1
748,sistemas,1,1,1,1,1,1,1,1,0,0
749,sistemas,1,1,0,1,0,1,1,0,0,0
750,contabilidad,1,0,0,0,0,0,0,1,0,0
751,marketing,1,1,0,1,1,1,1,0,0,1
753,ingenieria,1,0,0,1,1,1,0,1,1,1
754,contabilidad,1,1,0,1,0,1,0,1,0,0
755,administracion,1,1,1,0,1,0,0,1,0,0
756,contabilidad,1,0,0,0,0,0,0,1,0,0
757,ingenieria,1,0,0,1,0,1,1,1,1,0
758,psicologia,1,0,1,0,0,0,0,0,0,0
759,marketing,1,0,0,0,1,0,0,0,0,0
763,marketing,1,0,1,1,0,0,0,0,0,0
764,administracion,1,1,0,1,1,1,0,1,0,0
765,administracion,1,1,0,1,1,1,0,1,0,0
766,administracion,1,1,0,1,1,1,0,1,0,0
768,ingenieria,1,1,0,1,0,1,1,0,0,0
769,ventas,1,0,0,1,0,1,0,1,0,0
770,psicologia,1,1,0,0,0,0,0,0,0,0
772,administracion,1,0,0,0,0,0,0,0,0,0
773,psicologia,1,1,1,0,0,0,0,1,0,0
774,marketing,1,0,1,0,1,0,1,0,1,0
775,contabilidad,1,1,0,1,0,1,0,0,1,1
776,psicologia,1,1,1,0,1,0,1,0,0,0
777,psicologia,1,1,1,1,0,1,1,0,0,0
778,ingenieria,1,1,1,1,1,1,0,1,1,1
779,ingenieria,1,1,0,1,0,1,1,0,0,0
780,psicologia,1,0,1,0,0,0,1,1,0,0
781,ingenieria,1,0,0,1,1,1,0,1,0,1
782,ingenieria,1,0,0,1,1,1,0,1,0,1
783,administracion,1,1,1,1,0,1,1,0,0,0
784,sistemas,1,0,1,1,0,0,1,1,1,1
785,psicologia,1,1,1,0,0,0,0,1,0,0
786,marketing,1,0,1,0,0,0,0,0,0,0
788,ventas,1,1,1,1,1,1,1,0,0,0
789,ventas,1,1,1,0,0,1,1,0,0,1
790,contabilidad,1,0,1,0,0,0,1,0,0,0
791,psicologia,1,0,0,0,0,0,0,1,1,0
792,administracion,1,1,0,0,1,1,0,0,0,0
793,mantenimiento,1,0,1,0,1,0,0,0,0,0
794,administracion,1,1,0,1,1,1,0,1,0,0
795,ventas,1,1,1,0,0,0,1,1,0,0
796,contabilidad,1,1,0,0,0,1,0,0,0,0
798,mantenimiento,1,0,1,1,0,0,0,1,0,0
799,administracion,1,0,0,0,1,0,0,0,0,0
800,psicologia,1,1,1,0,1,0,1,0,0,0
801,contabilidad,1,1,0,1,0,1,1,1,0,0
802,ingenieria,1,1,1,0,1,1,1,0,0,1
803,comercial,1,0,0,1,0,0,1,1,0,1
804,comercial,1,0,0,1,0,0,1,1,0,1
805,comercial,1,0,0,1,0,0,1,1,0,1
806,comercial,1,1,0,1,1,1,0,1,0,1
807,sistemas,1,0,0,1,0,0,0,0,0,0
808,contabilidad,1,0,1,0,0,0,1,1,0,1
809,contabilidad,1,0,0,0,0,0,0,0,0,0
810,contabilidad,1,0,0,0,0,0,0,0,0,0
811,marketing,1,0,0,0,0,0,0,0,1,0
812,comercial,1,0,0,0,0,0,1,0,0,0
813,derecho,1,0,1,0,1,0,0,0,0,0
815,administracion,1,1,0,0,0,0,0,0,0,0
817,ingenieria,1,0,1,1,1,0,0,1,1,0
818,sistemas,1,1,0,0,1,0,1,0,0,0
820,administracion,1,1,0,0,1,0,0,1,0,0
821,finanzas,1,0,1,1,0,0,0,1,0,0
822,administracion,1,1,0,0,1,0,0,1,0,0
823,contabilidad,1,1,0,0,0,0,0,1,0,1
824,sistemas,1,0,1,1,1,0,0,0,0,0
825,ingenieria,1,0,1,1,1,1,0,0,0,0
826,psicologia,1,0,0,1,0,1,0,1,0,0
827,psicologia,1,0,0,1,0,1,0,1,0,0
828,comercial,1,0,1,1,0,1,0,1,0,0
829,comercial,1,0,1,1,0,1,0,1,0,0
830,comercial,1,0,1,1,0,1,0,1,0,0
831,administracion,1,1,0,1,1,1,1,0,0,0
832,administracion,1,1,0,1,1,1,1,0,0,0
833,administracion,1,1,0,1,1,1,1,0,0,0
834,marketing,1,0,0,0,1,0,0,1,0,1
835,marketing,1,0,0,0,1,0,0,1,0,1
836,marketing,1,0,0,0,1,0,0,1,0,1
837,ingenieria,1,1,1,0,1,1,1,0,0,0
838,finanzas,1,1,0,1,1,1,0,1,0,1
839,comercial,1,1,1,0,1,0,0,0,0,0
841,marketing,1,0,0,1,0,1,1,0,0,0
842,marketing,1,0,1,0,0,0,0,0,0,0
843,sistemas,1,0,1,0,0,0,0,0,0,0
844,marketing,1,1,1,1,0,1,1,0,0,0
845,psicologia,1,1,1,1,0,0,0,1,0,1
846,finanzas,1,1,1,1,1,1,0,1,1,1
847,administracion,1,1,1,1,0,1,0,1,0,0
848,ingenieria,1,0,0,0,1,0,0,0,0,0
849,administracion,1,0,0,0,0,0,0,1,0,0
850,ingenieria,1,1,1,1,1,0,0,1,0,0
851,ingenieria,1,1,0,1,0,1,0,1,0,0
852,contabilidad,1,0,0,0,1,1,0,1,0,0
853,ingenieria,1,0,1,1,1,0,1,1,0,0
854,finanzas,1,1,0,0,0,0,0,1,0,0
855,ingenieria,1,1,0,1,0,1,0,1,0,1
856,mantenimiento,1,0,0,1,0,1,1,0,0,0
858,ingenieria,1,0,0,1,0,1,0,0,0,0
859,comercial,1,0,0,0,0,1,1,0,0,0
861,economia,1,0,1,1,1,1,0,1,0,0
862,contabilidad,1,1,0,0,1,0,0,1,0,1
863,psicologia,1,0,0,0,1,0,0,1,0,0
864,ingenieria,1,0,0,1,1,1,1,0,1,1
865,ingenieria,1,1,0,1,0,0,0,1,0,0
866,marketing,1,0,0,0,0,0,0,1,0,0
867,comunicaciones,1,1,0,1,0,0,0,1,0,0
868,sistemas,1,1,1,0,1,1,0,1,0,1
869,ventas,1,1,0,0,1,0,0,0,0,0
870,comercial,1,0,0,1,1,1,0,1,0,0
871,finanzas,1,0,0,0,0,0,0,0,0,0
872,contabilidad,1,0,1,0,0,0,1,1,0,0
874,comercial,1,1,0,1,0,1,0,1,0,1
875,comercial,1,0,1,0,1,0,0,1,0,0
878,ingenieria,1,0,1,1,0,1,0,1,1,0
879,contabilidad,1,0,0,0,0,0,0,1,0,1
880,psicologia,1,1,0,1,0,1,0,0,0,0
881,ingenieria,1,1,1,1,0,1,0,1,0,0
882,contabilidad,1,0,1,0,0,0,0,1,0,1
883,sistemas,1,0,1,1,1,0,0,0,0,1
884,ingenieria,1,0,0,1,0,1,0,1,0,0
885,administracion,1,0,0,1,0,1,0,1,0,0
886,psicologia,1,1,0,0,0,0,0,0,0,0
887,ingenieria,1,0,1,1,0,1,0,0,0,1
888,ingenieria,1,0,1,1,0,1,0,0,0,0
889,administracion,1,1,1,0,1,0,0,1,0,0
890,marketing,1,0,0,0,0,0,0,0,0,0
891,sistemas,1,0,0,0,0,0,0,0,0,0
892,ventas,1,1,0,0,1,0,0,0,0,0
893,ingenieria,1,0,0,0,1,0,0,0,1,0
894,diseno,1,0,0,0,0,0,0,0,1,0
895,marketing,1,0,1,0,1,0,0,0,0,0
896,derecho,1,0,1,0,1,0,1,1,0,0
898,contabilidad,1,0,0,0,0,0,0,0,0,0
899,ingenieria,1,0,0,0,0,0,0,0,0,0
900,sistemas,1,0,0,0,0,0,0,0,1,1
902,derecho,1,0,0,0,0,0,0,0,0,0
903,marketing,1,1,1,0,0,0,1,0,0,0
904,medicina,1,0,0,0,1,0,0,0,0,0
905,contabilidad,1,0,0,0,1,0,1,0,0,0
907,contabilidad,1,0,0,0,0,0,0,0,0,0
909,ingenieria,1,1,0,1,1,0,0,1,0,0
911,contabilidad,1,0,0,0,0,0,0,1,0,0
912,administracion,1,0,0,0,0,0,0,1,0,0
913,derecho,1,0,0,0,1,0,0,0,0,0
914,ventas,1,0,0,0,0,0,0,0,0,0
915,administracion,1,0,1,1,0,1,0,1,0,0
916,contabilidad,1,0,0,0,1,0,0,0,0,0
918,sistemas,1,0,1,0,0,0,0,1,0,0
919,derecho,1,0,0,0,1,0,0,0,0,0
920,derecho,1,0,0,0,1,0,0,0,0,0
921,derecho,1,0,0,0,1,0,0,0,0,0
922,ingenieria,1,1,0,1,0,1,0,1,0,0
923,ingenieria,1,1,0,1,0,1,0,1,0,0
924,ingenieria,1,1,0,1,0,1,0,1,0,0
925,finanzas,1,0,0,1,0,1,0,0,0,0
926,comunicaciones,1,1,1,0,1,0,1,0,1,0
927,ingenieria,1,0,1,1,1,0,0,0,1,1
928,ingenieria,1,0,0,1,0,1,0,1,0,0
929,ingenieria,1,0,0,1,0,0,0,1,0,0
931,administracion,1,1,1,1,1,1,0,1,0,0
932,ingenieria,1,1,0,1,0,1,0,1,0,0
933,contabilidad,1,1,0,0,1,0,0,1,0,1
934,ingenieria,1,0,0,1,0,1,1,0,0,0
935,sistemas,1,0,0,0,0,0,0,0,0,0
936,finanzas,1,0,1,0,1,0,0,1,0,0
937,comercial,1,0,0,0,1,0,0,1,0,1
938,marketing,1,1,0,0,0,0,0,1,0,0
939,sistemas,1,0,1,1,1,1,1,0,0,1
940,sistemas,1,0,1,1,1,0,0,0,0,0
941,ingenieria,1,1,0,1,0,1,0,0,1,1
942,comunicaciones,1,1,0,0,1,0,1,0,0,0
943,sistemas,1,0,1,0,1,0,1,0,0,0
944,contabilidad,1,0,0,0,1,0,0,1,0,0
945,ingenieria,1,0,0,1,0,1,1,0,0,0
946,contabilidad,1,1,1,1,1,1,0,1,0,0
948,administracion,1,0,0,0,0,0,0,1,0,0
949,sistemas,1,0,0,1,1,0,1,0,0,1
950,sistemas,1,0,0,0,1,0,0,0,0,0
951,marketing,1,0,1,1,0,1,0,1,0,1
952,ventas,1,1,0,1,1,1,0,1,0,0
953,sistemas,1,0,0,0,1,1,0,1,0,0
954,marketing,1,0,0,0,0,0,0,0,1,0
955,ingenieria,1,0,0,1,0,0,0,0,0,0
956,ventas,1,1,1,0,0,0,0,0,0,0
957,marketing,1,0,0,0,0,0,1,1,0,0
958,derecho,1,0,0,0,1,0,1,0,0,0
959,sistemas,1,0,1,1,0,0,0,1,0,1
960,sistemas,1,0,1,1,0,0,0,1,0,1
961,contabilidad,1,1,0,1,1,1,0,1,0,0
962,sistemas,1,0,1,1,0,0,0,1,1,1
963,psicologia,1,0,0,0,1,0,1,0,0,0
964,comercial,1,0,0,0,1,0,0,1,0,1
965,marketing,1,0,1,0,0,0,0,1,1,0
966,mantenimiento,1,0,1,0,0,0,0,0,0,0
967,sistemas,1,0,1,1,0,0,0,1,1,1
971,sistemas,1,0,0,1,1,0,1,0,0,0
972,sistemas,1,0,0,1,1,0,1,0,0,0
973,sistemas,1,0,0,1,1,0,1,0,0,0
974,ingenieria,1,0,1,0,0,0,0,0,0,0
975,ingenieria,1,0,1,0,0,0,0,0,0,0
976,ingenieria,1,0,1,0,0,0,0,0,0,0
977,ingenieria,1,0,1,0,1,0,0,0,0,0
978,ingenieria,1,0,1,0,1,0,0,0,0,0
979,ingenieria,1,0,1,0,1,0,0,0,0,0
980,ingenieria,1,1,0,0,1,0,0,0,0,0
981,ingenieria,1,1,0,0,1,0,0,0,0,0
982,ingenieria,1,1,0,0,1,0,0,0,0,0
983,ingenieria,1,1,1,1,0,0,1,0,0,0
984,marketing,1,0,1,1,0,1,0,1,0,0
985,ingenieria,1,0,0,0,0,0,0,0,0,0
986,administracion,1,0,1,1,0,1,1,0,0,0
987,sistemas,1,1,0,0,0,0,1,0,0,1
988,ingenieria,1,1,0,1,0,1,1,0,1,0
989,ingenieria,1,0,0,1,0,0,0,1,0,0
990,ingenieria,1,1,0,1,1,1,0,1,0,1
991,comercial,1,1,0,1,1,1,0,1,0,0
992,sistemas,1,0,0,0,1,0,0,0,1,0
993,psicologia,1,0,1,0,0,0,0,0,0,0
994,contabilidad,1,0,1,0,1,0,0,1,0,0
995,diseno,1,0,0,0,0,0,0,0,1,0
997,marketing,1,0,0,0,1,0,1,0,0,0
998,comercial,1,0,0,1,1,1,1,0,0,1
999,contabilidad,1,0,0,1,1,1,1,0,0,1
1000,derecho,1,0,0,0,1,0,0,1,0,0
1001,sistemas,1,0,0,0,1,1,0,1,0,0
1002,psicologia,1,1,0,0,1,0,0,1,1,0
1003,sistemas,1,1,1,0,0,0,0,0,0,0
1004,diseno,1,0,0,0,0,0,0,1,1,0
1005,administracion,1,0,0,0,1,1,0,1,0,1
1006,administracion,1,1,1,1,0,1,0,1,0,1
1007,administracion,1,1,0,0,0,1,0,1,0,0
1008,administracion,1,0,0,0,0,0,0,1,0,0
1009,comercial,1,0,0,1,1,0,1,1,0,0
1010,diseno,1,0,1,0,0,0,0,0,1,0
1011,sistemas,1,0,0,0,1,0,0,0,0,1
1012,diseno,1,0,0,0,0,0,0,0,0,0
1013,sistemas,1,0,1,0,1,0,0,1,0,0
1014,administracion,1,1,1,0,0,0,1,1,0,0
1016,psicologia,1,0,0,1,0,1,0,1,0,0
1017,sistemas,1,0,1,0,0,0,1,0,0,0
1018,marketing,1,0,0,1,0,1,1,0,0,0
1019,administracion,1,0,1,1,1,1,0,1,0,1
1020,ingenieria,1,0,0,0,0,1,1,0,0,0
1021,administracion,1,0,1,1,0,0,0,1,0,0
1023,psicologia,1,0,0,0,1,0,0,0,0,0
1024,contabilidad,1,1,0,1,1,1,0,1,0,1
1025,psicologia,1,1,0,0,1,0,0,1,1,0
1026,finanzas,1,1,1,1,1,0,0,0,0,0
1027,ingenieria,1,1,0,1,0,1,1,1,0,0
1028,administracion,1,0,0,1,0,1,0,0,0,0
