,1,respons,gestion,equip,ingeni,inform,industrial,offic,excel,diseñ,analisis
0,Practicas contables,1,0,0,0,0,0,0,0,0,0
1,Practicante administrativo,1,0,0,0,0,0,0,0,0,0
2,Practicante administrativo,1,0,0,0,0,0,1,1,0,0
3,Practicante profesional,1,0,0,0,0,0,0,0,0,0
4,Practicante contable,1,0,0,0,0,0,1,1,0,0
5,Practicante profesional,1,0,0,1,0,1,0,1,0,0
6,Practicante legal,1,0,1,0,0,0,0,0,0,0
7,Practicante contable,1,0,1,0,0,0,0,0,0,0
8,Practicante ssoma,1,1,1,1,1,1,0,1,0,0
9,Practicante contable,1,0,0,0,0,0,1,0,0,0
10,Practicante legal,1,1,0,0,0,0,1,0,0,0
11,Practicante profesional,1,0,0,0,0,0,0,1,0,0
12,Practicante visual,1,0,1,0,0,0,0,0,1,0
13,Practicante contabilidad,1,0,0,0,0,0,0,0,0,0
14,Practicante comercial,1,1,0,1,1,1,0,1,0,1
15,Practicante compras,1,0,0,0,0,1,0,1,0,0
16,Practicante comercial,1,0,0,1,0,1,1,1,0,0
17,Practicante comercial,1,0,1,0,1,1,1,0,0,0
18,Practicante actuarial,1,1,1,1,1,1,0,1,0,1
19,Practicante comercial,1,1,0,1,1,1,0,1,0,1
20,Practicante sap,1,0,1,1,1,0,0,0,0,0
21,Practicante profesional,1,0,0,0,1,1,0,1,0,0
22,Practicante contable,1,0,1,0,1,0,1,1,0,1
23,Practicante legal,1,1,0,0,0,0,0,0,0,1
24,Practicante comercial,1,1,0,1,0,1,0,1,0,0
25,Practicante comercial,1,1,0,1,0,1,0,1,0,1
26,Solicito practicante de marketing,1,0,0,0,0,0,0,0,0,0
27,Practicante marketing digital,1,0,0,0,0,0,0,0,0,0
28,Practicas profesionales - piura,1,0,0,0,0,0,0,0,0,0
29,Practicante profesional de legal,1,0,0,0,0,0,0,1,0,0
30,Practicante profesional de legal,1,0,0,0,0,0,0,1,0,0
31,Practicante de contabilidad,1,0,0,0,0,0,0,0,0,0
32,Practicantes de carreras tecnicas-,1,0,0,0,0,0,0,0,0,0
33,Practicante de contabilidad,1,0,0,0,0,0,0,1,0,0
34,Practicante de mantenimiento,1,1,1,1,0,1,1,0,0,0
35,Practicante de electrotecnia industrial,1,0,0,0,0,1,0,0,0,0
36,Practicante profesional de contabilidad,1,0,0,0,0,0,0,0,0,0
37,Practicante de marketing,1,0,0,0,0,0,0,0,0,0
38,Practicante de comunity manager,1,0,0,0,0,0,0,0,0,0
39,Solicito abogado y practicante,1,0,1,0,0,0,0,0,0,0
40,Practicante de marketing digital,1,0,0,0,0,0,0,0,0,0
41,Practicas en logistica,1,0,0,1,0,1,0,1,0,0
42,Practicas en logistica,1,0,0,1,0,1,0,1,0,0
43,Practicas en logistica,1,0,0,1,0,1,0,1,0,0
44,Practicantes de enfermería,1,0,0,0,0,0,1,0,0,0
45,Practicante de arquitectura,1,0,0,0,0,0,0,1,0,0
46,Practicante de marketing,1,0,0,0,0,0,0,1,0,0
47,Practicante pastelero/panadero,1,0,1,0,0,0,0,0,0,0
48,Practicante profesional de contabilidad,1,0,0,0,0,0,1,0,0,0
49,Practicante profesional de contabilidad,1,0,0,0,0,0,1,0,0,0
50,Practicante profesional de contabilidad,1,0,0,0,0,0,1,0,0,0
51,Practicante profesional de contabilidad,1,1,0,0,1,1,0,1,0,0
52,Practicante de registros,1,0,0,1,1,1,0,1,0,0
53,Practicante profesional de compras,1,0,0,0,1,1,0,1,0,0
54,Practicante de laboratorio instrumental,1,0,0,0,0,0,0,1,0,0
55,Practicante pre profesional legal,1,0,0,0,0,0,0,0,0,0
56,Practicante profesional de selección,1,0,0,0,0,0,1,0,0,0
57,Practicante de ingeniería,1,1,0,1,0,0,0,0,0,0
58,Practicante de ingeniería,1,1,0,1,0,0,0,0,0,0
59,Practicante de ingeniería,1,1,0,1,0,0,0,0,0,0
60,Practicante de contabilidad,1,0,0,0,0,0,1,0,0,0
61,Practicante de contabilidad,1,0,0,0,0,0,1,0,0,0
62,Practicante de negocios internacionales,1,0,0,0,0,0,1,0,0,0
63,Practicante de negocios internacionales,1,0,0,0,0,0,1,0,0,0
64,Practicante profesional de legal,1,0,0,0,0,1,0,0,0,0
65,Practica profesiosional de contabilidad,1,0,0,0,0,0,1,0,0,0
66,Practicante de marketing,1,0,0,0,1,0,0,0,0,0
67,Practicante profesional de reservas,1,0,0,0,0,0,0,1,0,0
68,Practicante de pastelería,1,0,0,0,0,0,0,0,0,0
69,Se necesitan practicantes publicistas,1,0,0,0,0,0,0,0,0,0
70,Practicante de sistemas,1,0,0,0,1,0,0,0,0,0
71,Practicante de sistemas,1,0,0,0,1,0,0,0,0,0
72,Practicante  profesional ssoma,1,0,0,1,0,1,0,0,0,0
73,Practicante  profesional ssoma,1,0,0,1,0,1,0,0,0,0
74,Practicante  profesional ssoma,1,0,0,1,0,1,0,0,0,0
75,Practicante profesional de pdi,1,0,0,1,0,0,1,1,0,0
76,Practicante de derecho,1,1,0,0,0,0,0,0,0,0
77,Practicante de planificación logistica,1,0,0,1,0,1,0,1,0,0
78,Señoritas practicantes contables,1,0,0,0,0,0,0,1,0,0
79,Señoritas practicantes contables,1,0,0,0,0,0,0,1,0,0
80,Practicante de diseño gráfico,1,0,0,0,0,0,0,0,1,0
81,Practicante profesional de procesos,1,1,1,1,1,1,1,1,1,1
82,Practicante profesional de procesos,1,1,1,1,1,1,1,1,1,1
83,Practicante profesional de procesos,1,1,1,1,1,1,1,1,1,1
84,Practicante profesional de rrhh,1,0,0,0,1,1,1,1,0,0
85,Practicante prof. electricista automotriz,1,0,1,1,0,0,0,0,0,0
86,Practicante profesiona ssoma / huachipa,1,0,0,0,1,1,0,0,0,0
87,Practicante profesional de tesorería,1,0,0,0,0,1,0,1,0,0
88,Practicante profesional derecho,1,0,0,0,1,0,0,0,0,0
89,Practicante de logistica,1,0,0,0,1,1,0,1,0,0
90,Practicante profesional de operaciones,1,0,0,1,1,1,1,1,0,0
91,Practicante profesional comercial,1,0,0,0,0,0,1,0,0,1
92,Practicante pre profesional contable,1,0,1,0,1,0,1,1,0,0
93,Practicante profesional en contabilidad,1,0,0,0,0,0,0,1,0,0
94,Practicante profesional legal - lima,1,1,0,0,1,0,1,0,0,1
95,Practicante pro de arquitectura,1,0,0,0,1,0,1,0,0,0
96,Practicante de diseño gráfico,1,0,0,0,0,0,0,0,1,0
97,Practicante de telemarketing,1,0,1,0,0,0,1,0,1,0
98,Practicante de diseño,1,0,1,0,0,0,0,0,1,0
99,Practicante analítica digital.,1,0,0,1,0,0,1,1,0,0
100,Practicante analítica digital.,1,0,0,1,0,0,1,1,0,0
101,Practicante de almacén - ate,1,0,0,1,0,1,0,1,0,0
102,Practicante de almacén - ate,1,0,0,1,0,1,0,1,0,0
103,Practicante de almacén - ate,1,0,0,1,0,1,0,1,0,0
104,Practicante profesional de sistemas,1,0,1,1,1,0,1,0,0,0
105,Practicante de logística,1,0,0,0,0,1,0,1,0,0
106,Practicante de comunicaciones,1,1,0,0,0,0,0,0,1,0
107,Practicante de contabilidad,1,0,0,0,0,0,0,1,0,0
108,Practicante de comunicaciones,1,0,0,0,0,0,0,0,0,0
109,Practicante profesional de geología,1,0,0,0,1,0,0,1,0,0
110,Practicante de asuntos regulatorios,1,0,0,1,1,1,0,1,0,0
111,Practicante e-commerce,1,0,0,1,0,0,0,1,0,0
112,Practicante administración (operaciones),1,0,0,1,0,1,1,1,0,0
113,Practicante profesional de zootecnia,1,0,0,1,0,0,0,1,0,0
114,Practicante profesional( ingeniero ambiental),1,0,0,1,1,0,0,0,0,1
115,Practicante profesional de  ti,1,0,0,1,1,0,0,1,0,0
116,Practicante profesional de psicología,1,0,0,0,0,0,0,0,0,0
117,Practicante de operaciones - almacén,1,0,0,0,0,1,0,1,0,0
118,Practicante profesional de archivo,1,0,0,0,1,0,1,0,0,0
119,Practicante profesional de logística,1,0,0,0,0,1,0,1,0,0
120,Practicante de ti,1,0,0,0,0,0,0,0,0,0
121,"Practicantes de mecatronica, electronica",1,0,0,0,0,0,0,0,1,1
122,Practicante profesional de sistemas,1,0,1,1,1,0,1,1,1,0
123,Practicante profesional de sistemas,1,0,1,1,1,0,1,1,1,0
124,Practicante profesional de sistemas,1,0,1,1,1,0,1,1,1,0
125,Practicante profesional de selección,1,0,0,0,0,0,1,0,0,0
126,Practicante preprofesional de marketing,1,0,1,0,1,1,0,1,1,1
127,Practicante de contratos,1,0,0,1,0,1,0,1,0,0
128,Practicante profesional - comercial,1,0,0,1,1,1,0,1,0,0
129,Practicante de contabilidad,1,0,0,0,0,0,1,0,0,1
130,Practicante en programación java,1,0,1,1,1,0,0,0,1,1
131,Practicante profesional de mina,1,0,0,1,0,0,1,0,0,0
132,Practicante en programación java,1,0,1,1,1,0,0,0,1,1
133,"Practicante diseñador web, gráfico",1,0,0,0,0,0,0,0,1,0
134,Practicante de derecho,1,0,0,0,0,0,0,0,0,0
135,Practicante de mantenimiento,1,0,0,0,0,0,0,0,0,0
136,Practicante de contabilidad,1,0,0,0,1,0,0,0,0,0
137,Practicante profesional de marketing,1,0,0,0,0,0,0,0,1,0
138,Practicante de impuestos,1,0,0,0,0,0,0,1,0,0
139,Practicante de  business intelligence,1,0,0,1,1,0,0,0,0,0
140,Practicante profesional de facturación,1,0,0,0,0,0,0,0,0,0
141,Practicante pre profesional - derecho,1,0,1,0,0,0,1,0,0,0
142,Reclutadora de personal-practicante,1,1,0,0,1,0,0,0,0,0
143,Practicante de recursos humanos,1,0,0,1,1,1,0,1,0,0
144,Practicante profesional de oceanografía,1,0,0,0,1,0,0,1,0,0
145,Practicante profesional de seguridad,1,0,0,0,1,0,0,1,0,0
146,Practicante de contabilidad,1,0,1,0,1,0,0,1,0,1
147,Practicante de marketing,1,0,1,0,0,0,0,0,1,0
148,Practicante de electricidad,1,0,0,0,0,0,0,0,0,0
149,Practicante pre de sistemas,1,0,0,0,0,0,0,0,0,0
150,Practicante preprofesional de compras,1,0,1,0,0,1,0,1,0,1
151,Practicante preprofesional de planificación,1,1,0,1,0,1,0,1,0,0
152,Practicante de mejora continua,1,1,0,1,1,1,0,1,0,0
153,Practicante de relaciones laborales,1,1,0,0,0,0,0,0,0,0
154,Practicante  profesional area comercial,1,0,0,0,0,0,0,0,0,0
155,Practicante profesional de calidad,1,0,0,0,0,1,0,1,0,0
156,Practicante de asuntos ambientales,1,1,1,1,1,1,1,1,0,0
157,Practicante profesional de selección,1,1,1,0,1,0,0,1,0,1
158,Practicante profesional de finanzas,1,0,0,1,1,1,0,1,0,1
159,Practicante contable temporal,1,0,1,0,0,0,1,0,0,0
160,Practicante de compras,1,0,0,1,0,1,1,1,0,0
161,Practicante de sistemas,1,0,0,0,0,0,0,0,0,0
162,Practicante profesional - legal,1,0,1,0,0,1,0,0,0,0
163,Practicante de psicología organizacional,1,0,0,0,0,0,0,1,0,0
164,Practicante profesional de garantías,1,0,0,1,0,0,1,1,0,0
165,Practicante profesional - obra,1,0,0,0,0,1,0,0,0,0
166,Practicante profesional - area legal,1,0,0,0,0,0,1,0,0,0
167,Practicante profesional de contabilidad,1,0,0,0,0,0,0,1,0,0
168,Practicante profesional de producción,1,0,0,1,0,1,0,1,0,0
169,Practicante de diseño gráfico,1,0,0,0,0,0,0,0,1,0
170,Practicante profesional de planillas,1,1,0,0,0,0,0,0,0,0
171,Practicante profesional de sistemas,1,0,0,1,1,0,0,0,0,0
172,Diseñadora grafica - practicante,1,0,0,0,0,0,0,0,1,0
173,Practicante mantenimiento eléctrico - arequipa,1,0,1,0,0,0,1,0,0,0
174,Practicante pre profesional / huachipa,1,0,0,0,0,1,0,1,0,0
175,Practicante de canales,1,1,1,1,1,1,0,1,0,1
176,Practicante de comunicación interna,1,0,0,0,0,0,0,0,1,0
177,Practicante profesional - comercial,1,1,0,0,1,1,1,1,0,0
178,Practicante de gestión inmobiliaria,1,1,1,0,0,0,1,0,0,0
179,Practicante profesional de operaciones,1,0,0,1,1,1,1,1,0,0
180,Practicante profesional de operaciones,1,0,0,1,1,1,1,1,0,0
181,Practicante profesional de operaciones,1,0,0,1,1,1,1,1,0,0
182,Practicante de soporte técnico,1,0,1,0,0,0,0,0,0,0
183,Practicante de soporte técnico,1,0,1,0,0,0,0,0,0,0
184,Practicante de help desk,1,0,1,0,0,0,0,0,0,0
185,Practicante de help desk,1,0,1,0,0,0,0,0,0,0
186,Practicante de recursos humanos,1,1,0,0,0,0,0,0,0,0
187,Practicante de recursos humanos,1,1,0,0,0,0,0,0,0,0
188,Practicante de calidad arequipa,1,0,0,0,1,0,0,0,0,0
189,Practicante de calidad arequipa,1,0,0,0,1,0,0,0,0,0
190,Practicante profesional - gestión humana,1,1,0,1,0,1,0,1,0,0
191,Practicante de selección - masivos,1,0,0,0,0,0,0,0,0,0
192,Redactor web - practicas pre,1,0,0,0,1,0,0,1,0,0
193,Practicante profesionales - ventas institucionales,1,0,0,0,0,0,0,1,0,0
194,Practicante de administración,1,0,0,0,0,1,0,0,0,0
195,Practicante  administrativo  ( gerencia ti),1,0,0,1,0,1,0,1,0,0
196,Practicante profesional  de operaciones,1,0,0,1,1,1,0,1,0,1
197,Practicante de finanzas - callao,1,0,1,0,0,0,0,1,0,0
198,Practicante profesional de producción,1,0,0,0,1,0,0,1,0,0
199,Practicante de tesoreria,1,0,0,0,0,0,1,1,0,1
200,Practicante de innovación,1,0,1,1,0,1,0,0,0,0
201,Practicante de transformación digital,1,0,1,0,0,1,0,0,0,0
202,Practicante de diseño grafico,1,0,0,0,0,0,1,0,1,0
203,Practicante de marketing,1,0,0,0,1,0,1,0,0,0
204,Practicante profesional de marketing,1,0,0,0,0,0,0,0,1,0
205,Practicante mantenimiento electrónico,1,0,1,0,0,1,0,0,0,0
206,Practicante en programación java,1,0,1,0,1,0,0,0,0,0
207,Practicante taller eléctrico,1,0,1,0,0,0,0,0,0,0
208,Practicante pre profesional administrativo,1,1,0,1,0,1,0,1,0,0
209,Practicante de geología mina,1,0,0,1,0,0,0,1,0,0
210,Practicante de recursos humanos,1,0,0,1,0,1,0,1,0,0
211,Practicante preprofesional - investigación,1,0,0,0,1,0,1,0,0,1
212,Practicante de community manager,1,0,0,0,0,0,0,0,1,0
213,Practicante de biblioteca,1,0,0,0,0,0,1,0,0,0
214,Practicante de marketing (pecsa),1,0,1,0,1,0,0,1,0,0
215,Practicante de comunicaciones,1,0,0,1,1,0,1,1,0,1
216,Practicante crédito y cobranzas,1,0,0,0,0,0,1,0,0,0
217,Practicante preprofesional de administración,1,0,0,0,0,0,1,0,0,0
218,Practicante profesional | almacén,1,0,0,0,0,0,0,0,0,0
219,Practicante de desarrollo,1,0,0,1,1,0,0,0,0,0
220,Practicante secretaria ejecutiva,1,1,1,0,0,0,1,1,0,0
221,Practicante de contabilidad,1,0,0,0,0,0,1,0,0,0
222,Practicante profesional de ingenieria,1,0,1,1,1,0,0,0,0,1
223,Practicante profesional de ti,1,0,0,0,0,0,0,0,0,0
224,Practicante psicologo deportivo,1,0,0,0,0,0,0,0,0,0
225,Practicante de marketing,1,0,0,0,0,0,1,0,1,0
226,Practicante de impuestos,1,1,1,0,0,0,1,1,0,0
227,Practicante de impuestos,1,1,1,0,0,0,1,1,0,0
228,Practicante de impuestos,1,1,1,0,0,0,1,1,0,0
229,Practicante profesional  bi,1,0,1,0,0,0,0,0,0,0
230,Practicante profesional náutico,1,0,0,0,0,0,1,0,0,0
231,Practicante de sistemas - odoo,1,1,1,1,1,0,0,1,0,1
232,Practicante profesional de microbiología,1,1,1,0,0,1,0,0,0,1
233,Practicante de sistemas,1,1,1,1,1,0,0,1,0,1
234,Practicante profesional de pmo,1,1,0,0,0,0,0,1,0,0
235,Practicante profesional de impuestos,1,0,0,0,0,0,0,1,0,0
236,Practicante preprofesional  de planificación,1,0,1,1,1,1,1,0,1,0
237,Practicante administrativo - makro arequipa,1,1,1,0,0,0,1,0,0,0
238,Practicante profesional de finanzas,1,0,0,0,0,0,0,1,0,1
239,Practicante profesional noc,1,0,0,0,1,0,0,0,0,0
240,Ngr - practicante profesional administrativo,1,1,1,0,1,1,0,1,0,1
241,Practicante pre de selección,1,0,0,0,0,0,0,0,0,0
242,Practicante profesional de contabilidad,1,0,0,0,1,0,0,0,0,0
243,Practicante profesional de química,1,1,0,0,1,1,1,0,0,0
244,Practicante profesional área comercial,1,0,0,1,1,1,1,0,0,0
245,Practicante de social media,1,1,0,0,1,0,0,0,1,0
246,Practicante de sistemas - lima,1,0,1,1,1,0,1,1,0,0
247,Practicante de producción  tacna,1,1,1,0,1,1,0,0,0,0
248,Practicante de recursos humanos,1,1,0,1,0,1,0,1,0,1
249,Practicante de compras,1,0,0,1,0,1,1,1,0,0
250,Practicante profesional de marketing,1,0,0,1,1,1,0,1,0,0
251,Practicante de inteligencia comercial,1,1,0,0,1,1,0,1,0,0
252,Practicante profesional de ingeniería,1,1,0,1,0,1,0,1,0,0
253,Practicante pre profesional mantenimiento,1,0,1,0,1,1,1,0,0,0
254,Practicante de contabilidad,1,1,1,0,0,0,0,0,0,0
255,Practicante profesional de inversiones,1,0,0,0,1,1,1,0,0,0
256,Practicante pre ing civil,1,0,0,0,1,0,0,0,0,0
257,Practicante comercial - ventas,1,0,0,0,1,1,0,1,0,0
258,Practicante de planta externa,1,0,0,1,0,0,0,1,0,0
259,Practicante de proyectos,1,0,0,0,1,0,0,0,0,0
260,Practicantes y auxiliares contables,1,0,1,0,0,0,0,1,0,1
261,Practicante de seguridad industrial,1,1,1,1,0,1,0,1,0,0
262,Practicante profesional de talento,1,1,0,1,0,1,1,0,0,0
263,Practicante profesional de talento,1,1,0,1,0,1,1,0,0,0
264,Practicante de almacén,1,0,1,0,0,0,1,1,0,0
265,Practicante de almacén,1,0,1,0,0,0,1,1,0,0
266,Practicante de soporte tecnico,1,0,0,1,1,0,0,0,0,0
267,Practicante de soporte tecnico,1,0,0,1,1,0,0,0,0,0
268,Practicante tecnico actuarial,1,0,0,0,0,1,0,1,0,0
269,Practicante tecnico actuarial,1,0,0,0,0,1,0,1,0,0
270,Practicante tecnico actuarial,1,0,0,0,0,1,0,1,0,0
271,Practicante profesional de compras,1,0,0,0,0,0,1,1,0,0
272,Practicante profesional de compras,1,0,0,0,0,0,1,1,0,0
273,Practicante de cumplimiento normativo,1,0,1,0,1,0,0,0,0,0
274,Practicante egresado de ti,1,0,1,1,1,0,1,0,0,0
275,Practicante mecánico automotriz,1,0,0,0,0,0,0,0,0,0
276,Practicante profesional de ti,1,0,0,0,1,0,1,1,0,1
277,Practicante preprofesional de litigios,1,0,0,0,1,0,0,1,0,1
278,Practicante profesional - compras,1,0,0,1,1,1,0,1,0,0
279,Practicante profesional de planillas,1,0,1,0,0,0,0,0,0,0
280,Practicante de comunicaciones,1,0,0,0,1,0,0,0,1,0
281,Practicante de marketing,1,0,0,0,0,0,0,1,0,0
282,Practicante de diseño gráfico,1,0,0,0,0,0,0,1,1,0
283,Practicante de inteligencia comercial,1,0,1,0,0,1,1,1,0,0
284,Practicante de nómina,1,0,1,0,0,0,0,0,0,0
285,Practicante profesional de producto,1,0,0,0,1,0,0,0,0,1
286,Practicante profesional de administración,1,1,0,1,0,1,0,1,1,0
287,Practicante profesional  de distribución,1,0,0,1,0,1,0,1,0,0
288,Practicante profesional de selección,1,0,0,0,0,1,1,0,0,0
289,Practicante pre profesional legal,1,0,0,0,0,0,0,0,0,0
290,Practicante profesional electrónica industrial,1,0,0,0,0,1,0,0,0,0
291,Practicante profesional de comunicaciones,1,1,0,0,1,1,0,0,0,0
292,Practicante profesional comercial envasado,1,1,1,1,0,1,0,1,0,0
293,Practicante de industrias alimentarias,1,0,0,1,0,0,0,0,0,0
294,Practicante de contabilidad,1,0,1,0,0,0,0,0,0,1
295,Practicante profesional de administración,1,1,0,1,0,1,0,1,1,0
296,Practicante de mantenimiento,1,0,1,0,1,0,0,1,0,0
297,Practicante de almacén,1,0,0,1,1,1,1,0,1,0
298,Practicante de coordinación - psicología,1,1,0,0,0,0,1,0,0,0
299,Practicante de auditoria interna,1,0,0,1,1,1,1,0,0,0
300,Practicante pre de arquitectura,1,0,1,0,0,0,0,0,0,0
301,Practicante de producción,1,0,1,1,1,0,0,1,0,0
302,Practicante profesional de talento,1,1,0,1,0,1,1,0,0,0
303,Practicante de auditoria interna,1,0,1,1,1,1,0,1,0,0
304,Practicante de facturación,1,0,0,0,0,0,1,0,0,0
305,Practicante de seguridad industrial,1,1,0,0,0,1,0,0,0,0
306,Practicante profesional de ti,1,0,0,0,1,0,1,1,0,1
307,Practicante de consultoría,1,0,1,1,1,1,0,0,0,0
308,Practicante comercial - canal sudamérica,1,1,0,0,1,1,1,1,0,0
309,Practicante de procesos,1,0,1,1,1,1,1,0,0,0
310,Practicante de educación,1,1,0,1,1,0,1,0,1,0
311,Practicante de diseño gráfico,1,1,0,0,0,0,0,0,1,0
312,Practicante de contabilidad,1,0,1,0,0,0,0,1,0,1
313,Practicante de sanidad,1,0,0,0,0,1,1,0,0,0
314,Practicante pro de contabilidad,1,0,0,0,0,0,0,0,0,0
315,Practicante mantenimiento electrico,1,0,1,0,0,1,0,0,0,0
316,Practicante comercial - marcas propias,1,0,0,0,0,1,0,1,0,1
317,Practicante profesional admisión -trujillo,1,0,0,0,0,0,1,0,0,0
318,Practicante programador c#,1,0,1,0,1,0,0,0,0,1
319,Practicante de logística,1,0,0,0,0,1,0,1,0,0
320,Practicante de logística,1,0,0,0,0,1,0,1,0,0
321,Practicante de logística,1,0,0,0,0,1,0,1,0,0
322,Practicante profesional de tesorería,1,0,1,0,0,0,0,0,0,0
323,Practicante profesional java/python,1,0,1,1,0,0,0,0,0,0
324,Practicante profesional - diseño gráfico,1,1,1,0,1,0,1,0,1,0
325,Practicante profesional - comunicación audiovisual,1,1,1,0,1,0,1,0,1,0
326,Practicante profesional multitask,1,1,0,1,1,0,1,0,0,1
327,Practicante de producción,1,0,0,0,0,1,0,1,0,1
328,Practicante de desarrollo (sistemas),1,0,1,0,0,0,0,0,1,0
329,Practicante de desarrollo (sistemas),1,0,1,0,0,0,0,0,1,0
330,Practicante profesional de sanidad,1,0,0,0,0,0,0,1,0,1
331,Practicante profesional de sanidad,1,0,0,0,0,0,0,1,0,1
332,Practicante profesional de sanidad,1,0,0,0,0,0,0,1,0,1
333,Practicante de calidad - temporal,1,1,0,1,1,0,1,0,0,0
334,Practicante de calidad - temporal,1,1,0,1,1,0,1,0,0,0
335,Practicante de calidad - temporal,1,1,0,1,1,0,1,0,0,0
336,Practicante profesional de facturación,1,1,1,0,0,0,1,1,0,0
337,Practicante profesional de facturación,1,1,1,0,0,0,1,1,0,0
338,Practicante de recursos humanos,1,1,0,0,1,0,0,1,0,0
339,Practicante de sistemas,1,0,0,0,1,0,0,0,0,0
340,Practicante pre de finanzas,1,0,1,0,1,0,0,1,0,1
341,Practicante profesional de operaciones,1,1,0,0,0,1,0,0,0,0
342,Practicante profesional contable - telecomunicaciones,1,0,1,0,0,0,0,1,0,1
343,Practicante profesional de tesorería,1,0,0,0,1,0,0,1,0,0
344,Practicante de legal,1,0,1,0,0,0,1,0,0,0
345,Practicante de comunicación interna,1,1,0,0,1,0,1,1,1,0
346,Practicante ingeniero  ambiental,1,0,0,1,1,1,0,0,0,0
347,Practicante de bienestar social,1,1,0,0,1,0,0,1,0,0
348,Practicante de producción - callao,1,1,0,1,1,1,0,1,0,0
349,Practicante de sostenibilidad,1,1,0,0,0,0,1,1,1,0
350,Practicante profesional comex,1,1,1,0,1,0,0,1,0,0
351,Practicante de ssoma,1,0,0,1,1,1,0,0,0,0
352,Practicante de recursos humanos,1,1,0,0,1,1,0,0,0,0
353,Practicante profesional de almacen,1,0,0,1,1,1,1,0,0,0
354,Practicante profesional de compras,1,0,0,0,0,1,0,1,0,1
355,Practicante de recurso humanos,1,0,1,0,0,0,0,1,0,0
356,Practicante profesional de capacitación,1,0,1,1,1,1,1,0,0,0
357,Practicante de contabilidad,1,0,0,0,1,0,1,0,0,1
358,Practicante profesional de mantenimiento,1,0,1,1,0,1,1,1,0,1
359,Practicante de marketing,1,0,0,0,0,0,1,1,1,0
360,Practicante de seguridad patrimonial,1,0,0,0,0,1,0,1,0,0
361,Practicante profesional de ingeniería,1,0,1,1,1,0,0,0,0,0
362,Practicante profesional de legal,1,0,0,0,0,1,0,0,0,0
363,Practicante de ti,1,1,1,0,1,0,1,0,0,0
364,Practicante profesional de transportes,1,1,1,1,1,1,1,0,0,1
365,Practicante profesional de producción,1,0,0,0,0,0,1,0,0,0
366,Practicante de trade marketing,1,1,1,1,1,1,0,1,0,1
367,Practicante de community manager,1,1,1,0,0,0,0,0,0,0
368,Practicante programador de sistemas,1,0,0,0,0,0,0,1,1,1
369,Practicante profesional - auditoría interna,1,1,0,1,0,1,1,0,0,1
370,Practicante profesional - auditoría interna,1,1,0,1,0,1,1,0,0,1
371,Practicante profesional - backend java,1,0,1,0,0,0,0,0,0,0
372,Practicante de marketing,1,0,0,0,1,0,0,1,1,0
373,Practicante programador maestro,1,1,0,0,1,1,1,0,0,0
374,Practicante,1,0,0,0,0,0,0,0,0,0
375,Practicante farmacia y bioquímica  - producción,1,0,0,0,0,0,0,0,0,0
376,Practicante profesional - cerro de pasco,1,0,0,1,0,1,0,1,0,0
377,Practicantes de pastelería y gastronomía,1,0,0,0,0,0,0,0,0,0
378,Practicante profesional (dpto. de tesorería),1,0,0,0,0,0,1,1,0,0
379,Practicante profesional de ingeniería ventas,1,0,0,0,1,1,0,0,0,1
380,Practicante profesional de mantenimiento - lurin,1,1,0,0,1,0,0,0,0,0
381,Practicante profesional de laboratorio - aplicaciones,1,0,0,1,0,1,0,0,0,1
382,Practicante para el área comercial,1,0,0,0,0,1,0,0,0,0
383,Practicante profesional de administración - antamina,1,1,0,0,0,0,1,0,0,0
384,Practicante profesional de calidad - lurin,1,1,0,0,0,1,1,0,0,0
385,Practicante profesional de ingeniería ambiental,1,1,0,1,0,0,1,0,0,0
386,Practicante de sig y sst,1,0,0,0,1,1,0,0,0,0
387,Practicante de sig y sst,1,0,0,0,1,1,0,0,0,0
388,Practicante de reclutamiento y selección,1,0,0,1,1,0,0,1,0,0
389,Practicante profesional de logística - surco,1,0,1,0,1,1,0,1,0,0
390,Practicante profesional de gestión humana,1,1,0,0,0,1,1,0,1,0
391,Practicante administrativo (temporal - 3 meses),1,1,1,1,0,1,0,1,0,0
392,Practicante de administración y finanzas,1,0,0,0,0,1,0,1,0,0
393,Practicante profesional de desarrollo humano,1,1,0,0,0,1,1,0,1,0
394,Practicante pre profesional de logística,1,1,0,1,0,1,0,1,0,0
395,Practicante profesional de diseño editorial,1,0,1,0,0,0,1,0,1,0
396,Practicante pre profesional de sistemas,1,0,0,1,0,1,0,0,0,0
397,Practicante profesional de ingenieria metalúrgica,1,0,0,1,1,0,0,0,1,0
398,Practicante profesional de ing. civil,1,1,0,1,0,0,1,0,1,0
399,Practicante profesional de diseño gráfico,1,0,1,0,0,0,0,0,1,0
400,Practicante de establecimientos  - diners club,1,0,0,0,0,0,1,0,0,0
401,Practicante profesional de relaciones laborales,1,1,0,0,0,0,0,0,0,0
402,Practicante de psicologia organizacional-chiclayo,1,0,1,0,0,0,1,0,0,0
403,Practicante aseguramiento de la calidad,1,1,0,0,0,1,1,0,0,1
404,Practicante en  programación c / c++,1,0,1,1,1,0,0,0,1,1
405,Practicante de marketing y publicidad,1,0,1,0,0,0,0,0,0,0
406,Practicante de  programacion genexus bantotal,1,0,0,1,1,0,0,0,0,0
407,Practicante pre profesional de planeamiento,1,0,0,1,0,1,0,0,0,0
408,Practicante profesional de contabilidad - lurin,1,0,0,0,0,0,0,0,0,1
409,Practicante profesional - organización y métodos,1,0,0,1,1,1,0,1,0,1
410,Practicante pre profesional de informatica,1,0,0,1,1,0,0,1,0,0
412,Practicante profesional de calidad  - pucusana,1,1,1,1,0,0,1,0,0,0
413,Practicante de auditoría financiera - masivo,1,0,0,0,1,0,1,0,0,0
414,Practicante de tesorería - san isidro,1,0,0,0,0,0,1,0,0,0
415,Practicante profesional de mantenimiento eléctrico,1,1,1,1,0,1,0,1,0,0
416,Practicante profesional de selección - psicología,1,1,1,0,1,1,0,1,0,0
417,Practicante para desarrollo de sistemas,1,0,0,1,0,0,0,0,0,0
418,Practicante profesional de operaciones - automotriz,1,0,0,1,0,1,0,1,0,0
419,Practicante de base de datos,1,0,1,1,1,0,0,0,1,1
420,Practicantes administrativos - cercado de lima,1,0,0,0,0,0,0,0,0,0
421,Practicantes administrativos - cercado de lima,1,0,0,0,0,0,0,0,0,0
422,Practicantes administrativos - cercado de lima,1,0,0,0,0,0,0,0,0,0
423,Arequipa - practicante profesional de derecho,1,1,1,0,0,0,1,0,0,0
424,Practicante de conocimiento del cliente,1,1,1,1,1,1,0,1,0,0
425,Practicante pre profesional de desepeño,1,0,1,1,1,1,0,1,0,1
426,Practicante profesional de recursos humanos,1,1,1,1,0,1,0,1,1,1
427,Practicante pre profesional de canales,1,1,1,1,1,1,0,1,0,1
428,Practicante de metalurgia  laboratorio - cajamarca,1,0,1,1,0,0,1,0,0,1
429,Practicante de selección y reclutamiento,1,0,1,0,1,0,0,1,0,0
430,Practicante de control interno (ras),1,0,0,0,0,0,1,0,0,0
431,Practicante riesgos del trabajo - lima,1,0,0,1,0,1,0,1,0,1
432,Practicante profesional ing. sistemas huancayo,1,0,1,1,1,0,0,1,0,0
433,Practicante profesional 005-2019-ti,1,0,1,1,1,0,0,0,0,1
434,Practicante profesional 004-2019-did,1,1,1,1,1,1,0,1,0,0
435,Practicante profesional de operaciones marítimas,1,0,0,0,0,0,1,0,0,0
436,Practicante de parametrización  - supply chain,1,0,0,1,0,1,0,1,0,0
437,Practicante profesional de mejora continua,1,0,1,0,1,1,0,1,0,0
438,Practicante profesional de ingeniería civil,1,0,0,1,0,0,0,1,1,1
439,Practicante técnico de control documentario,1,0,0,1,1,0,0,1,0,0
440,Practicante de cobranzas - san isidro,1,0,0,1,0,1,1,0,0,0
441,Practicante pre profesional de planeamiento,1,0,0,1,0,1,0,1,0,1
442,Practicante de costos y control,1,1,0,0,0,0,0,1,0,0
443,Practicante pre - profesional de gis,1,1,0,1,0,0,1,0,0,0
444,Practicante de contabilidad de costos,1,0,0,0,0,0,0,0,0,0
445,Practicante de selección call center,1,1,0,0,0,0,0,1,0,0
446,Practicante back office de inversiones,1,1,0,0,0,0,1,1,0,0
447,Practicante pre profesional de compras,1,0,0,1,0,1,0,1,0,0
448,Practicante profesional de gestión humana,1,1,0,0,0,0,0,1,0,0
449,Ayacucho - practicante profesional de supervisión,1,0,1,1,1,0,1,0,0,0
450,Practicante web - dominio en wordpress,1,0,0,0,1,0,0,0,1,0
451,Practicante profesional de ing. agrícola,1,0,0,1,0,1,0,1,1,0
452,Practicante profesional de ing. agrícola,1,0,0,1,0,1,0,1,1,0
453,Practicante profesional de ing. agrícola,1,0,0,1,0,1,0,1,1,0
454,Practicante pre profesional de marketing,1,1,0,0,0,0,0,0,1,1
455,Practicante pre profesional de marketing,1,1,0,0,0,0,0,0,1,1
458,Practicante profesional de comunicación interna,1,1,1,0,0,0,1,1,1,0
459,Practicante profesional de ingeniería industrial,1,1,0,0,0,0,0,1,0,0
460,Practicante profesional de comunicación digital,1,0,1,0,0,0,0,1,0,0
461,Practicante de recursos humanos (bilingüe),1,1,1,0,0,0,1,1,0,0
462,Practicante de mecátronica - sector ti,1,1,0,1,0,0,0,0,1,0
463,Convocatoria practicante profesional (unidad cajamarquilla),1,0,0,1,0,1,0,1,0,0
464,Practicante de repuestos - santa anita,1,0,0,1,0,1,1,0,0,0
465,Practicante profesional de recursos humanos,1,1,0,0,0,1,1,1,0,0
466,Practicante pre profesional de finanzas,1,1,1,0,0,0,0,1,0,1
467,Practicante profesional de ingeniería - chilca,1,0,0,1,0,0,0,1,0,1
468,Ngr - practicante profesional de mantenimiento,1,0,1,0,1,1,0,1,0,1
469,Practicante pre profesional electricista industrial,1,0,1,0,1,1,1,0,0,0
470,Practicante profesional de derecho laboral,1,0,0,0,1,0,0,0,0,0
471,Practicante de control de calidad,1,1,0,1,0,0,0,1,0,1
472,Practicante profesional 003-2019-did,1,1,1,0,1,0,0,1,0,0
473,Practicante profesional 002-2019-did,1,1,1,0,1,0,0,1,0,0
474,Practicante profesional 001-2019-did,1,0,1,1,1,1,0,1,0,0
475,Practicante de compras - empresa transnacional,1,0,0,1,0,1,0,1,0,0
476,Practicante profesional en comunicación interna,1,0,0,0,0,0,0,0,1,0
477,Practicante profesional de comunicaciones - retención,1,0,0,0,0,0,1,1,1,0
478,Practicante profesional de gestor documental,1,1,0,1,0,0,0,1,0,0
479,Practicante de precios de transferencia,1,0,1,0,0,0,0,1,0,0
480,Buscamos practicante profesional de tesoreria,1,0,0,0,0,0,0,1,0,0
481,Practicante de gestión del talento,1,0,0,0,0,0,0,0,0,0
482,Practicante de operaciones ( ingeniero industrial),1,0,0,1,0,1,0,1,0,1
483,Practicante de mantenimiento - makro trujillo,1,0,1,0,1,0,0,0,0,0
484,Practicante pre profesional administrativo - logístico,1,0,1,1,0,1,1,0,0,0
485,Practicante pre profesional de logística,1,0,0,1,0,1,0,1,0,0
486,Practicante pre profesional de logística,1,1,0,1,1,1,1,0,0,0
487,Practicante profesional de bienestar social,1,1,1,0,0,0,0,1,0,0
488,Practicante en desarrollo de integración,1,0,0,1,1,1,0,0,0,0
489,Afp integra - practicante de inversiones,1,0,1,0,0,0,1,0,0,1
490,Practicante de tesoreria - sede callao,1,0,0,0,0,0,0,1,0,0
491,Practicante pre profesional de legal,1,0,0,0,1,1,1,0,0,0
492,Practicante profesional de planificación - producción,1,0,0,0,0,1,0,1,0,0
493,Practicante profesional de selección - retail,1,0,0,0,0,1,0,0,0,0
494,Practicante de atención al cliente,1,0,0,1,0,1,0,1,0,0
495,Practicante marketing digital y ventas,1,0,0,0,0,0,0,1,1,1
496,Practicante profesional comunicación- sede huancayo,1,0,0,0,1,0,0,0,0,0
497,Practicante profesional de counter - cusco,1,0,1,0,1,0,1,0,0,0
498,Practicante de computación y sistemas,1,1,1,1,1,0,1,1,0,0
499,Practicante de planeamiento largo plazo,1,0,1,1,0,0,1,1,1,0
500,Practicante de cobranzas y recuperaciones,1,0,1,0,1,0,0,1,0,0
501,Practicante de análisis de procesos,1,0,1,0,1,1,1,1,0,1
502,Practicante de tecnologías de información,1,0,0,1,1,1,0,0,1,1
503,Practicante de prevención socio laboral,1,0,0,0,0,0,1,1,0,0
504,Ngr - practicante de psicología organizacional,1,0,1,0,0,0,0,1,0,0
505,Practicante profesional de seguridad ocupacional,1,1,1,1,1,1,1,1,0,0
506,Practicante profesional de marketing - cajamarca,1,0,0,0,1,0,1,0,1,0
507,Practicante de compras y logística,1,0,1,1,0,1,1,0,0,0
508,Practicante profesional de marketing - trujillo,1,0,0,0,1,0,1,0,1,0
509,Practicante profesional mecánico de mantenimiento,1,0,1,0,1,1,0,0,0,0
510,Practicante profesional de logistica - compras,1,0,0,1,0,1,1,0,0,0
511,Practicante pre profesional de sistemas,1,1,0,1,1,0,0,1,0,0
512,Practicante profesional de recursos humanos,1,1,1,1,1,1,0,1,0,0
513,Practicante profesional recursos humanos  - arequipa,1,0,1,1,0,0,0,1,0,0
514,Practicante profesional de sistemas - antamina,1,1,0,1,1,0,1,0,1,1
515,Practicante pre profesional de sistemas,1,0,1,1,1,0,0,0,1,1
516,Practicante del departamento de cobranzas,1,1,0,0,0,0,1,0,0,0
518,Practicante pre-profesional de planillas,1,1,0,0,0,0,0,1,0,1
519,Practicante pre profesional de marketing,1,1,1,0,1,0,0,0,0,1
520,Jefe de practicas de comunicaciones,1,0,1,0,0,0,0,1,0,0
521,Practicante de ingeniería eléctrica (protecciones),1,0,0,1,1,0,1,1,0,1
522,Practicante profesional de producción - huachipa,1,0,0,1,1,1,0,1,0,1
523,Practicante de reclutamiento y seleccion,1,0,0,0,0,0,0,0,0,0
524,Practicante de profesional electricista automotriz,1,0,1,1,0,0,0,1,0,0
525,Practicante profesional de marketing - envasados,1,0,1,1,0,1,0,1,0,0
526,Practicante profesional de comunicación interna,1,1,0,0,0,0,0,0,1,1
527,Practicante profesional de relaciones internacionales,1,0,0,0,1,0,1,1,0,0
528,Practicante profesional e commerce / turismo,1,0,0,0,1,0,0,1,0,0
529,Practicante pre profesional de capacitación,1,0,0,0,0,1,0,0,0,0
530,Practicante de seguridad (sig-sms),1,0,1,1,1,0,0,1,0,1
531,Practicante  profesional de farmacia y bioquímica,1,0,0,0,0,0,0,0,0,0
532,Practicante de inteligencia comercial-financiera efectiva,1,0,0,1,1,0,0,1,0,0
533,Practicante profesional de planeamiento control y produccion,1,0,1,1,1,1,0,0,0,0
534,Se requiere practicante en dibujo mecanico,1,0,0,0,0,0,0,0,0,0
535,Practicante profesional de créditos y cobranzas,1,0,0,0,0,0,0,0,0,0
536,Practicante pre profesional de desarrollo - t.i,1,0,0,1,0,0,0,0,0,0
537,Practicante profesional de marketing – san borja,1,0,0,0,0,0,0,1,0,0
538,Practicante de reclutamiento y selección - ad honorem,1,0,0,0,0,0,0,0,0,0
539,Practicante técnico - cia peruana de fotocopiadoras sac,1,0,0,0,1,0,0,0,0,0
540,Practicante profesional de gestión humana - proyecto,1,1,0,1,0,1,1,0,0,0
541,Practicante profesional de mina (unidad minera),1,0,0,0,0,0,0,0,0,1
542,Practicante de ingeniería mecánica eléctrica - chincha,1,0,1,1,0,0,0,1,0,0
543,Urgente se busca practicante y asistente contable,1,0,0,0,0,0,0,0,0,0
544,Practicante del área comercial - ad honorem,1,1,0,0,1,1,1,0,0,0
545,Practicante de sistema de gestión integrado - egresado,1,1,0,1,0,1,0,1,0,0
546,Practicante de sistema de gestión integrado - egresado,1,1,0,1,0,1,0,1,0,0
547,Practicante de sistema de gestión integrado - egresado,1,1,0,1,0,1,0,1,0,0
548,Practicante profesional de call center - lima,1,0,0,0,0,0,0,0,0,0
549,Practicante profesional de tecnología y sistemas,1,0,0,0,1,0,0,0,0,0
550,Practicante profesional de contratos  y suministros,1,1,1,1,0,1,0,1,0,1
551,Practicante de contabilidad - multinacional de servicios,1,0,0,0,0,0,0,1,0,0
552,Practicante profesional de créditos y cobranzas,1,0,0,0,0,0,1,0,0,0
553,Practicante administrativo -  carrera técnica 3 años,1,0,1,0,0,0,0,0,0,0
554,Practicante profesional  de inventario de áreas,1,0,0,1,1,1,1,0,0,0
555,Practicante profesional de farmacia y bioquímica,1,1,0,0,0,0,0,0,0,0
556,Practicante pre profesional de publicidad y marketing,1,0,0,0,0,0,0,1,1,0
557,Practicante de ti (temporal - 3 meses),1,0,1,1,1,0,0,1,0,0
558,Practicante de procesos y mejora continua,1,1,0,1,1,1,0,0,0,0
559,Practicante profesional de recursos humanos y servicios,1,1,0,1,1,1,1,0,0,0
560,Practicante técnico de mantenimiento y operaciones,1,0,0,0,0,1,0,0,0,0
561,Practicante técnico de mantenimiento y operaciones,1,0,0,0,0,1,0,0,0,0
562,Practicante técnico de mantenimiento y operaciones,1,0,0,0,0,1,0,0,0,0
563,Practicante profesional de control de gestión,1,1,0,0,1,1,0,1,0,0
564,Practicante profesional de recursos humanos (callao),1,1,1,0,0,1,1,0,0,0
565,Practicante profesional de administración de sistemas,1,1,0,1,1,0,1,1,1,0
566,Practicante pre profesional de gestión humana - callao,1,1,0,1,0,1,0,1,0,0
567,Practicante profesional de proyectos - administración / economía,1,0,0,0,1,0,1,1,0,0
568,Practicante pre profesional de gestión humana - callao,1,1,0,1,0,1,0,1,0,0
569,Practicante de diseño  gráfico y medios audiovisuales,1,0,0,0,0,0,0,0,1,0
570,Practicante profesional de administración y control,1,0,0,1,0,1,0,1,0,0
571,Practicante profesional de administración y control,1,0,0,1,0,1,0,1,0,0
572,Practicante de contabilidad ad honorem - surco,1,0,1,0,0,0,0,1,0,0
573,Practicante profesional de recursos humanos - para callao,1,1,0,1,0,1,0,1,0,0
574,Practicante profesional de gestión del talento,1,1,0,0,1,0,1,0,0,0
575,Practicante profesional de contabilidad (part time),1,0,1,0,0,0,0,1,0,1
576,Practicante pre profesional de área legal,1,0,0,0,0,0,0,0,0,0
577,Practicante profesional de investigación y desarrollo,1,0,0,0,0,0,0,0,1,0
578,Practicante de comercio exterior | últimos ciclos,1,0,0,0,1,0,0,1,0,1
579,Practicante de bienestar estudiantil (servicios educativos),1,0,0,1,0,0,0,1,0,0
580,Practicante pre profesional de ingeniería industrial - temporal,1,0,1,1,1,1,1,0,0,0
581,Practicante pre profesional de diseño bmw,1,0,0,0,0,0,0,0,1,0
582,Practicante en geología y/o geofísica,1,0,0,1,1,0,1,0,0,0
583,Practicante pre profesional de compensaciones - rrhh,1,1,0,0,0,0,0,1,0,0
584,Practicante técnico de laboratorio suelos y concreto,1,0,0,0,0,0,0,0,0,0
585,Practicante en ingeniería industrial - san isidro,1,1,0,1,0,1,0,1,0,0
586,Practicante técnico de mantenimiento y operaciones,1,0,0,0,0,1,0,0,0,0
587,Practicante profesional ingeniería de producto - lurin,1,0,0,0,0,1,0,0,0,0
588,Practicante profesional ingeniería eléctrica o mecánica eléctrica,1,0,0,1,0,0,1,0,0,1
589,Practicante profesional en  selección y reclutamiento,1,0,0,0,0,0,0,1,0,0
590,Practicante de marketing digital - part time,1,0,0,0,0,0,1,0,1,0
591,Practicante pre profesional de productos activos,1,0,1,1,1,1,0,1,0,1
592,Practicante pre profesional de confiabilidad - mantenimiento,1,1,0,1,0,1,0,1,0,0
594,Practicante profesional  riesgos del trabajo - lima,1,0,0,1,0,1,0,1,0,0
595,Practicante profesional de logística y distribución,1,1,0,1,0,1,0,1,0,0
596,Practicante de ventas egresados - rubro eléctrico,1,0,1,0,0,1,0,0,0,0
597,Practicante profesional de  control de gestión,1,1,0,0,0,0,0,1,0,0
598,Practicante de rrhh - empresa industrial metalmecanica,1,1,0,0,0,0,0,1,0,0
599,Practicante profesional de contabilidad - division permanent placement,1,0,0,0,0,0,0,1,0,0
600,Practicante pre profesional de servicios centrales,1,1,1,0,1,0,0,0,0,1
601,Practicante profesional para la gerencia comercial,1,1,1,1,1,0,0,1,0,0
602,Practicante profesional de selección y capacitación,1,1,1,0,1,0,1,0,0,0
603,Practicante profesional de atención al cliente - escardo,1,0,1,0,0,0,0,1,0,0
604,Practicante profesional de bienestar social -  san isidro,1,0,0,0,0,0,1,0,0,0
605,Practicante administrativo de tienda - makro santa anita,1,1,0,0,0,0,1,0,0,0
606,Practicante de bienestar - empresa multinacional de servicios,1,1,0,0,1,0,0,0,0,0
607,Practicante profesional de control de procesos - cajamarca,1,1,0,1,1,0,0,1,0,0
608,Practicante pre profesional de laboratorio de calidad,1,1,1,1,0,1,1,1,0,0
609,Practicante pre-profesional 006-2019-ti,1,0,1,1,1,0,0,0,0,1
610,Practicante pre profesional - producción en arequipa,1,0,0,1,0,1,0,1,0,0
611,Practicante pre profesional - producción en arequipa,1,0,0,1,0,1,0,1,0,0
612,Practicante pre profesional - producción en arequipa,1,0,0,1,0,1,0,1,0,0
613,Practicante profesional de diseño de modas,1,0,0,0,0,0,0,0,1,0
614,Practicante profesional de administración de personal,1,1,0,1,1,1,1,1,0,0
615,Practicante profesional  de gestión humana - selección,1,1,1,0,0,1,1,0,0,0
616,Ayacucho - practicante de sistema integrado de gestión,1,0,0,1,0,1,0,1,0,0
617,Practicante de business intelligence | diners club,1,1,1,1,1,1,0,1,0,0
618,Practicante profesional de mina - unidad minera,1,0,0,1,1,0,1,0,0,0
619,Practicante profesional de recursos humanos - unidad minera,1,0,0,1,0,1,1,0,0,0
620,Practicante profesional de contabilidad y administración,1,1,1,0,1,0,0,1,0,1
621,Practicante profesional de contabilidad y administración,1,1,1,0,1,0,0,1,0,1
622,Practicante profesional de administración y finanzas,1,1,1,0,1,0,0,1,0,1
623,Practicante profesional de administración y finanzas,1,1,1,0,1,0,0,1,0,1
624,Practicante profesional de calidad - rubro industrial,1,1,0,1,0,1,0,1,0,0
625,Practicante pre profesional de ingeniería ambiental,1,1,0,1,0,1,0,0,0,0
626,Practicante pre profesional de redes sociales corporativas,1,1,0,0,1,0,0,0,1,0
627,Practicante de selección de personal - urgente,1,0,0,0,0,0,0,0,0,0
628,Practicante profesional de mejora continua/huachipa,1,0,0,0,1,1,0,1,0,0
629,Practicante profesional eléctrica/ ing. mecánica eléctrica,1,0,0,1,1,0,0,1,0,1
630,Practicante profesional de mantenimiento / huachipa con movilidad,1,0,1,1,0,1,0,1,0,0
631,Practicante tutor de química - utp ate,1,0,0,1,1,0,0,1,0,0
632,Practicante profesional de nómina - grupo auna,1,1,1,1,0,0,1,1,0,0
633,Practicante profesional area de almacen/ huachipa,1,0,0,0,0,1,0,1,0,0
634,Practicante profesional de mejora continua/huachipa,1,0,0,0,1,1,0,1,0,0
635,Practicante profesional de compras - san borja,1,1,0,0,1,0,0,1,0,0
636,Practicante pre-profesional de sistemas (gti),1,0,1,1,1,1,1,1,0,1
637,Practicante promotor de créditos - agencia tingo maría,1,0,0,1,0,0,0,0,0,1
638,Practicante de formación y coordinación de servicios,1,1,0,0,1,0,1,0,1,0
639,Practicante profesional de ingeniería civil - antamina - huaraz,1,1,0,1,1,0,1,0,0,0
640,Practicante egresado para atención al cliente,1,0,0,0,1,0,0,0,0,0
641,Practicante profesional de reclutamiento y selección,1,1,0,0,1,0,0,0,0,0
642,Cajero practicante profesional - la esperanza - la libertad,1,0,0,0,0,0,0,1,0,0
643,Ngr - practicante pre profesional de productividad,1,0,1,0,0,0,0,1,0,1
644,Practicante profesional de servicios de marketing,1,0,1,0,0,0,0,0,0,0
645,Practicante pre profesional - profesional | área comercial,1,1,0,1,0,1,0,1,0,0
646,Practicante de activos fijos y seguros,1,0,1,0,1,0,0,1,0,0
647,Practicante profesional de acreditación y mejora continua,1,0,0,1,1,1,1,0,1,0
648,Practicante pre profesional - administración y contabilidad,1,1,1,0,0,1,0,1,1,0
649,Practicante profesional de nóminas y presupuestos- cusco,1,0,0,0,0,1,0,1,0,0
650,Practicas - profesionales dpto comercial y marketing,1,0,0,0,0,0,0,1,0,0
651,Practicante profesional de post-producción (ingesta),1,0,0,0,0,0,0,0,1,0
652,Practicante profesional de sistemas - los olivos,1,0,0,0,0,0,1,0,0,0
653,Practicante pre profesional de marketing - comercial,1,0,0,0,0,0,0,1,0,0
654,Practicante pre- profesional de trade-marketing,1,1,0,1,0,1,0,1,0,0
655,Practicante de desempeño y desarrollo organizacional,1,1,0,1,1,1,0,1,0,1
656,Practicante profesional de valor compartido ( responsabilidad social),1,0,1,0,0,0,1,0,0,0
657,Practicante pre profesional de control documentario,1,1,1,0,1,0,1,0,1,0
658,Practicante profesional logístico //división permanent placement,1,0,0,1,1,1,1,0,0,0
659,Practicas pre-profesionales dpto comercial y marketing,1,0,0,0,0,0,0,1,0,0
660,Practicante profesional de recursos humanos - comas,1,0,0,1,0,1,1,0,0,0
661,Practicante pre profesional de reclutamiento - personal operativo,1,0,1,1,1,1,0,1,0,0
662,Practicante pre profesional de nómina - construcción civil,1,0,1,1,1,1,0,1,0,0
663,Practicante pre profesional de proyectos (cod: 10914113),1,1,1,0,0,1,1,1,0,0
664,Practicante profesional ofertas gp (cod: 10914111),1,0,0,1,1,0,1,0,0,0
665,Practicante profesional de desarrollo - recursos humanos,1,0,0,1,1,1,0,1,0,0
666,Practicante profesional de capacitación - recursos humanos,1,0,0,1,0,1,0,1,0,0
667,Practicante pre profesional comercial gp (cod: 10914112),1,0,1,0,0,0,1,0,0,0
668,Practicante pre profesional de proyectos pmi,1,0,0,1,1,1,0,1,0,0
669,Practicante promotor de créditos - agencia aucayacu,1,0,0,1,0,0,0,0,0,1
670,Practicante promotor de créditos - agencia moyobamba,1,0,0,1,0,0,0,0,0,1
671,Practicante promotor de créditos - agencia tocache,1,0,0,1,0,0,0,0,0,1
672,Practicante promotor de créditos - agencia huánuco,1,0,0,1,0,0,0,0,0,1
673,Practicante profesional de gestión  (administración de personal),1,1,1,0,0,0,0,0,0,0
674,Practicante profesional de facturación - apm terminals callao,1,1,0,1,0,1,0,1,0,1
675,Practicante pre profesional de administración - ves,1,0,1,1,0,0,1,0,0,0
676,Practicante pre profesional de animación (diseño gráfico),1,0,1,0,0,0,0,0,1,0
677,Practicante de reclutamiento y selección - ad honorem,1,0,1,0,1,0,0,1,0,0
678,Practicante profesional de recursos humano - para callao,1,1,0,1,0,1,0,1,0,0
679,Practicante pre profesional gestión de portafolio,1,1,1,0,1,1,1,0,0,0
680,Practicante preprofesional de recursos humano - para callao,1,1,0,1,1,1,0,1,0,0
681,Practicante de mantenimiento y distribución eléctrica.,1,0,0,1,0,1,0,0,0,0
682,Practicante profesional de ing. química - calidad,1,0,0,0,0,0,0,0,0,0
683,Practicante profesional de tesorería y cobranzas,1,1,0,0,0,0,0,1,0,0
684,Practicante profesional de reclutamiento y selección,1,1,0,0,0,0,0,0,0,0
685,Practicante pre - pofesional de soporte de gestión,1,1,0,0,1,1,0,1,0,0
686,Practicante de mantenimiento - sky airline perú,1,0,1,1,0,0,1,0,0,0
687,Practicante de sistemas - computación e informática,1,1,1,1,1,0,0,0,0,0
688,Practicante pre profesional de control de gastos,1,0,1,1,1,1,0,1,0,1
689,Practicante de ingeniería y proyectos – control documentario,1,1,1,1,1,1,0,1,0,0
690,Practicante profesional de recursos humanos  - cusco,1,1,0,1,0,1,0,1,0,0
691,Practicante pre profesional de gestión inmobiliaria,1,1,1,0,0,0,1,0,0,0
692,Practicante pre profesional de responsabilidad social comunicaciones,1,1,1,0,0,0,0,1,0,0
693,Practicante de administración de personal (rrhh),1,0,1,1,1,1,1,1,0,0
694,Programa de practicas y becarios  2020,1,0,0,1,1,1,0,1,0,0
695,Programa de practicas y becarios  2020,1,0,0,1,1,1,0,1,0,0
696,Programa de practicas y becarios  2020,1,0,0,1,1,1,0,1,0,0
697,Practicante pre profesional de sistemas - desarrollador,1,0,1,1,1,0,0,0,1,1
698,Practicante profesional - responsabilidad social y comunicaciones,1,0,0,0,0,0,1,1,1,0
699,Practicante pre-profesional de desarrollo de sistemas,1,0,1,1,0,0,1,0,0,1
700,Practicante pre profesional customer experience (cx),1,0,0,1,1,1,0,0,1,0
701,Practicante profesional de compras - poc (cod: 10914114),1,0,0,0,0,1,1,0,0,0
702,Ngr - practicante de atracción y selección,1,0,1,0,0,0,0,1,0,0
703,Un/a (1) practicante preprofesional de derecho,1,0,1,0,0,0,0,0,0,0
704,Practicante profesional de cuentas por cobrar,1,1,0,0,0,0,0,0,0,0
705,Practicante profesional de negociación / clínica el golf,1,1,0,1,0,1,0,1,0,0
706,Practicante de secretaría académica - upn  surco,1,0,0,1,0,1,1,0,0,0
707,Practicante profesional de producción / rubro industrial - huachipa,1,0,0,1,1,1,0,1,0,1
708,Practicante profesional de genética y exportaciones,1,1,0,0,0,0,1,0,0,0
709,Practicante pre-profesional de desarrollo organizacional - temporal,1,1,0,1,1,1,1,0,0,0
710,Ngr - practicante profesional de bienestar social,1,1,1,0,1,0,0,1,0,0
711,Practicante profesional de soporte y desarrollo - antamina,1,1,0,1,1,0,1,0,1,1
712,Practicante profesional de sistema integrado de gestión,1,1,0,0,1,1,0,0,0,0
713,Practicante pre profesional – estudiante tecnico en contabilidad,1,1,0,0,0,1,0,0,0,0
714,Practicante de higiene y seguridad industrial,1,1,0,0,0,1,0,0,0,0
715,Practicante profesional de contabilidad - of. corporativa,1,1,0,0,0,0,0,0,0,0
716,Practicante de seguridad electrónica - san isidro,1,0,0,1,0,0,1,0,0,0
717,Practicante pre-profesional de auditoría interna,1,0,0,1,1,1,1,0,0,1
718,Practicante de calidad y mejora de procesos,1,1,1,1,0,1,0,0,0,0
719,Practicante de calidad y mejora de procesos,1,1,1,1,0,1,0,0,0,0
720,Practicante de calidad y mejora de procesos,1,1,1,1,0,1,0,0,0,0
721,Un/a (1) practicante preprofesional de psicología,1,1,1,0,0,0,0,0,0,0
722,Practicante pre profesional de planificación financiera,1,1,0,0,0,0,1,0,0,1
723,Practicante profesional de seguridad & salud ocupacional,1,1,0,1,0,0,1,0,0,0
724,"Cajamarca, cajamarca | cajero, practicante profesional, microfinanzas",1,0,0,1,1,1,0,1,0,0
725,Practicante profesional sistema de gestión (campamento huancavelica),1,1,1,1,1,1,0,1,0,0
726,Practicantes de senati mecanica automotriz y electricidad automotriz,1,0,1,0,0,0,0,0,0,0
727,Programa anual de practicas profesionales  recursos humanos- compañia minera antamina,1,0,0,1,0,1,1,0,0,0
728,Practica profesional en el area de recursos humanos,1,0,0,0,0,1,0,1,0,0
729,Practicante profesional de reclutamiento y selección - los olivos,1,0,0,0,0,0,0,1,0,0
730,Practicante profesional de recursos humanos - sucursal la molina,1,0,0,0,0,0,0,1,0,0
731,Practicante de tecnología y sistemas... únete a nuestro equipo,1,0,0,0,1,0,0,0,0,0
732,Practicante pre profesional de gestión humana - nestor gambetta (callao),1,1,0,1,0,1,0,1,0,0
733,Se necesita secretaria o practicante de derecho (primeros ciclos),1,0,0,0,0,0,0,0,0,0
735,Practicante pre profesional de ing. de petroleo - talara,1,0,1,1,0,0,1,0,0,0
736,Practicante pre - profesional de producción y calidad - planta punta hermosa,1,1,0,1,1,1,0,1,0,1
737,Practicante de diseño gráfico ad honorem - san miguel,1,0,1,0,0,0,0,0,1,0
738,Practicante pre profesional ing. civil -  empresa de construcción,1,0,0,1,0,0,0,1,0,0
739,"Estudiantes de derecho, practicantes, bachilleres- experiencia en procesal civil.",1,0,0,0,0,0,0,0,0,0
740,Practicante profesional de asesoría corporativa y cumplimiento normativo,1,1,0,1,1,1,0,1,0,0
741,Practicante profesional de atracción de talento humano - grupo marathon,1,1,1,0,0,1,1,1,0,0
742,Practicante pre de atracción de talento humano - grupo marathon,1,1,1,0,0,0,1,1,0,0
743,Practicante de gestión del talento - empresa multinacional de servicios,1,1,0,0,1,0,0,0,0,0
744,Practicante profesional calidad y mejora continua - laboratorio clínico,1,1,0,0,0,0,0,0,0,0
745,Practicante de análisis y mejora continua – selección de personal (rrhh),1,0,0,1,1,1,1,0,0,1
746,Practicante de análisis y mejora continua – selección de personal (rrhh),1,0,0,1,1,1,1,0,0,1
747,Practicante de análisis y mejora continua – selección de personal (rrhh),1,0,0,1,1,1,1,0,0,1
748,Practicante pre profesional de tecnología de la información,1,1,1,1,1,1,1,1,0,0
749,Practicante profesional de sistema integrado de gestión (sig),1,1,0,1,0,1,1,0,0,0
750,Practicante de créditos y cobranzas- egresado de contabilidad,1,0,0,0,0,0,0,1,0,0
751,Practicante profesional de calidad y atención al cliente,1,1,0,1,1,1,1,0,0,1
752,Practicante profesional de spa - the westin lima hotel & convention center,1,1,1,0,0,0,0,0,0,0
753,Practicante profesional de ingeniería industrial - cercado de lima,1,0,0,1,1,1,0,1,1,1
754,Practicante profesional de planificación y control de mercadería - planta huachipa,1,1,0,1,0,1,0,1,0,0
755,Practicante profesional de administración de personal -  clínica san borja,1,1,1,0,1,0,0,1,0,0
756,Practicante profesional de contabilidad - entrevista masiva 10.09,1,0,0,0,0,0,0,1,0,0
757,"Ingenieria estructural, civil 3d, asistente y practicantes",1,0,0,1,0,1,1,1,1,0
758,Practicante profesional de bienestar social | villa el salvador,1,0,1,0,0,0,0,0,0,0
759,Practicante egresado para atención al cliente - los olivos,1,0,0,0,1,0,0,0,0,0
760,Practicante profesional de cocina - hotel paracas a luxury collection,1,1,0,0,0,0,0,0,0,0
761,Programa anual de practicas profesionales - compañia minera antamina,1,1,0,1,1,0,1,0,0,0
762,Programa anual de practicas profesionales   - compañia minera antamina,1,1,0,1,1,0,1,0,1,1
763,➨ se busca practicante con pasión por el marketing digital,1,0,1,1,0,0,0,0,0,0
764,Practicante pre profesional de gestión corporativa - temporal por 3 meses,1,1,0,1,1,1,0,1,0,0
765,Practicante pre profesional de gestión corporativa - temporal por 3 meses,1,1,0,1,1,1,0,1,0,0
766,Practicante pre profesional de gestión corporativa - temporal por 3 meses,1,1,0,1,1,1,0,1,0,0
767,Practicante profesional de venta nacional dirigido a mujeres y hombres,1,0,1,0,0,1,0,1,0,0
768,"Practicante profesional de seguridad, salud y medio ambiente",1,1,0,1,0,1,1,0,0,0
769,Practicante pre profesional de administración de ventas - surco,1,0,0,1,0,1,0,1,0,0
770,Practicante profesional de reclutamiento y selección - mandos medios y ejecutivos,1,1,0,0,0,0,0,0,0,0
772,Practicante  profesional de administración de negocios internacional - para el callao,1,0,0,0,0,0,0,0,0,0
773,Practicante profesional de capacitación y desarrollo - sólo egresados,1,1,1,0,0,0,0,1,0,0
774,Practicante de marketing - s/ 500.00 por r.h.,1,0,1,0,1,0,1,0,1,0
775,Practicante de planeamiento y control de la producción,1,1,0,1,0,1,0,0,1,1
776,Practicante de bienestar social (mina) - gerencia de relaciones laborales,1,1,1,0,1,0,1,0,0,0
777,Practicante pre de recursos humanos | villa el salvador,1,1,1,1,0,1,1,0,0,0
778,Practicante de seguridad y salud en el trabajo (sst),1,1,1,1,1,1,0,1,1,1
779,Practicante pre profesional de seguridad y salud laboral,1,1,0,1,0,1,1,0,0,0
780,Practicante pre profesional de reclutamiento y selección - laboratorio,1,0,1,0,0,0,1,1,0,0
781,Practicante profesional control de calidad y procesos / rubro industrial - huachipa,1,0,0,1,1,1,0,1,0,1
782,Practicante profesional de procesos de producción / rubro industrial - huachipa,1,0,0,1,1,1,0,1,0,1
783,Practicante de gestión y desarrollo humano - promart salaverry,1,1,1,1,0,1,1,0,0,0
784,Practicante pre-profesional o profesional de control de calidad – sistemas,1,0,1,1,0,0,1,1,1,1
785,Practicante profesional de selección y desarrollo humano -  clínica san borja,1,1,1,0,0,0,0,1,0,0
786,Practicante profesional de experiencia al cliente - clínica delgado,1,0,1,0,0,0,0,0,0,0
788,Practicante pre profesional ventas - industrial //división permanent placement,1,1,1,1,1,1,1,0,0,0
789,Practicante pre profesional de ventas gp (cod: 10914109),1,1,1,0,0,1,1,0,0,1
790,Practicante de auditoría tributaria (4to a 6to ciclo),1,0,1,0,0,0,1,0,0,0
791,Practicante pre profesional de recursos humanos - blue star group,1,0,0,0,0,0,0,1,1,0
792,Practicante profesional de administración de personal y nómina,1,1,0,0,1,1,0,0,0,0
793,Practicante de soporte y mantenimiento de equipos de computo,1,0,1,0,1,0,0,0,0,0
794,Practicante preprofesional de gestión de operaciones - para callao,1,1,0,1,1,1,0,1,0,0
795,Practicante profesional de capacitación y entrenamiento de ventas,1,1,1,0,0,0,1,1,0,0
796,"Practicante profesional – recien egresado en contabilidad, experiencia: impuestos/libros electonicos",1,1,0,0,0,1,0,0,0,0
797,Practicante profesional de alimentos y bebidas - belmond miraflores park,1,0,1,0,0,0,0,1,0,0
798,Practicante pre profesional de infraestructura y mantenimiento huachipa,1,0,1,1,0,0,0,1,0,0
799,Practicante pre profesional legal - asuntos judiciales y administrativos,1,0,0,0,1,0,0,0,0,0
800,Practicantes en selección de personal - dist. san miguel,1,1,1,0,1,0,1,0,0,0
801,Practicante profesional de planificación y control de mercadería- planta huachipa,1,1,0,1,0,1,1,1,0,0
802,Practicante pre profesional de proyectos gp (cod: 10914110),1,1,1,0,1,1,1,0,0,1
803,Practicante comercial,1,0,0,1,0,0,1,1,0,1
804,Practicante comercial,1,0,0,1,0,0,1,1,0,1
805,Practicante comercial,1,0,0,1,0,0,1,1,0,1
806,Practicante comercial,1,1,0,1,1,1,0,1,0,1
807,Practicante -  ti,1,0,0,1,0,0,0,0,0,0
808,Practicante contable,1,0,1,0,0,0,1,1,0,1
809,Practicante contable,1,0,0,0,0,0,0,0,0,0
810,Practicante  contable,1,0,0,0,0,0,0,0,0,0
811,Practicante marketing,1,0,0,0,0,0,0,0,1,0
812,Practicante comercial,1,0,0,0,0,0,1,0,0,0
813,Practicante legal,1,0,1,0,1,0,0,0,0,0
815,Se necesita practicantes en administración y/o secretariado residentes en cajamarca,1,1,0,0,0,0,0,0,0,0
817,"Asistente de proyectos (practicante en áreas de eficienciaenergética, energías renovables, proyecto)",1,0,1,1,1,0,0,1,1,0
818,Practicante de desarrollo app móvil - convocatoria abierta martes 17/09 presencial,1,1,0,0,1,0,1,0,0,0
819,Practicante de acreditación de la carrera de obstetricia - sede los olivos,1,0,0,0,0,0,0,1,0,0
820,Practicante profesional / egresado en administración o afines / con o sin exp,1,1,0,0,1,0,0,1,0,0
821,Practicantes de crédito individual (trabajo de campo) - cercado de lima y chorrillos,1,0,1,1,0,0,0,1,0,0
822,Practicante profesional / egresado en administración o afines / con o sin exp,1,1,0,0,1,0,0,1,0,0
823,Practicante pre profesional de controlling - the westin lima hotel & convention center,1,1,0,0,0,0,0,1,0,1
824,Un/a (1) practicante profesional de ingeniería de sistemas o ingeniería informática,1,0,1,1,1,0,0,0,0,0
825,"Un/a (1) practicante profesional de contabilidad, economía o ingeniería industrial",1,0,1,1,1,1,0,0,0,0
826,Practicante de rrhh,1,0,0,1,0,1,0,1,0,0
827,Practicante de rrhh,1,0,0,1,0,1,0,1,0,0
828,Practicante profesional comercial,1,0,1,1,0,1,0,1,0,0
829,Practicante profesional comercial,1,0,1,1,0,1,0,1,0,0
830,Practicante profesional comercial,1,0,1,1,0,1,0,1,0,0
831,Practicante de importaciones,1,1,0,1,1,1,1,0,0,0
832,Practicante de importaciones,1,1,0,1,1,1,1,0,0,0
833,Practicante de importaciones,1,1,0,1,1,1,1,0,0,0
834,Practicante client experience,1,0,0,0,1,0,0,1,0,1
835,Practicante client experience,1,0,0,0,1,0,0,1,0,1
836,Practicante client experience,1,0,0,0,1,0,0,1,0,1
837,Practicante de ingeniería (proyectos),1,1,1,0,1,1,1,0,0,0
838,Practicante de tesorería,1,1,0,1,1,1,0,1,0,1
839,Practicante comercial- canal moderno.,1,1,1,0,1,0,0,0,0,0
840,Practicante de suscripción,1,1,1,1,1,1,0,1,0,1
841,Practicante de ecommerce,1,0,0,1,0,1,1,0,0,0
842,Practicante de trade marketing,1,0,1,0,0,0,0,0,0,0
843,Practicante- sistemas informática (hardware),1,0,1,0,0,0,0,0,0,0
844,Practicante de digital portfolio,1,1,1,1,0,1,1,0,0,0
845,Practicante de seleccion,1,1,1,1,0,0,0,1,0,1
846,Practicante de seguros,1,1,1,1,1,1,0,1,1,1
847,Practicante de servicios generales,1,1,1,1,0,1,0,1,0,0
848,Practicante profesional ssoma /huachipa,1,0,0,0,1,0,0,0,0,0
849,Practicante de administración,1,0,0,0,0,0,0,1,0,0
850,Practicante de ciberseguridad,1,1,1,1,1,0,0,1,0,0
851,Practicante de entregas - trujillo,1,1,0,1,0,1,0,1,0,0
852,Practicante de auditoría,1,0,0,0,1,1,0,1,0,0
853,Practicante profesional de inspecciones,1,0,1,1,1,0,1,1,0,0
854,Practicante de tesorería,1,1,0,0,0,0,0,1,0,0
855,Practicante profesional de logística,1,1,0,1,0,1,0,1,0,1
856,Practicante de mantenimiento - arequipa,1,0,0,1,0,1,1,0,0,0
857,Practicante oficina técnica - tarapoto,1,0,0,1,1,0,0,1,0,0
858,Practicante profesional de producción,1,0,0,1,0,1,0,0,0,0
859,Practicante área comercial textil,1,0,0,0,0,1,1,0,0,0
861,Practicantes-estadística- chorrillos,1,0,1,1,1,1,0,1,0,0
862,Practicante profesional de contabilidad,1,1,0,0,1,0,0,1,0,1
863,Practicante de selección - trujillo,1,0,0,0,1,0,0,1,0,0
864,Practicante de operaciones,1,0,0,1,1,1,1,0,1,1
865,Practicante de ingeniería electrónica,1,1,0,1,0,0,0,1,0,0
866,Practicante de postventa - callao,1,0,0,0,0,0,0,1,0,0
867,Practicante de telecomunicaciones,1,1,0,1,0,0,0,1,0,0
868,Practicante inteligencia de negocios,1,1,1,0,1,1,0,1,0,1
869,Practicante de ventas - egresados,1,1,0,0,1,0,0,0,0,0
870,Practicante comercial - rentas vitalicias,1,0,0,1,1,1,0,1,0,0
871,Practicante profesional de tesorería,1,0,0,0,0,0,0,0,0,0
872,Practicante de contabilidad,1,0,1,0,0,0,1,1,0,0
873,Practicante mecatrónico - cajamarca,1,0,0,0,0,0,0,0,0,0
874,Practicante de planeamiento comercial,1,1,0,1,0,1,0,1,0,1
875,Practicante de planeamiento comercial,1,0,1,0,1,0,0,1,0,0
876,Especialista jira - practicante (cajamarca),1,0,1,1,0,0,0,1,0,1
877,Especialista jira - practicante (lima),1,0,1,1,0,0,0,1,0,1
878,Practicante pre de instalaciones,1,0,1,1,0,1,0,1,1,0
879,Practicante profesional contabilidad,1,0,0,0,0,0,0,1,0,1
880,Practicante de recursos humanos,1,1,0,1,0,1,0,0,0,0
881,Practicante de prevención - arequipa,1,1,1,1,0,1,0,1,0,0
882,Practicante de contraloría,1,0,1,0,0,0,0,1,0,1
883,Practicante profesional data scientist,1,0,1,1,1,0,0,0,0,1
884,Practicante de logística - códigos,1,0,0,1,0,1,0,1,0,0
885,Asistente administrativo - practicante preprofesional,1,0,0,1,0,1,0,1,0,0
886,Practicante de recursos humanos,1,1,0,0,0,0,0,0,0,0
887,Practicante profesional de  procesos,1,0,1,1,0,1,0,0,0,1
888,Practicante de ingeniería,1,0,1,1,0,1,0,0,0,0
889,Practicante de administración,1,1,1,0,1,0,0,1,0,0
890,Practicante de relaciones públicas,1,0,0,0,0,0,0,0,0,0
891,Practicante profesional de sistemas,1,0,0,0,0,0,0,0,0,0
892,Asistente de ventas (practicante),1,1,0,0,1,0,0,0,0,0
893,Practicante profesional ingeniero sanitario,1,0,0,0,1,0,0,0,1,0
894,Practicante de diseño industrial,1,0,0,0,0,0,0,0,1,0
895,Practicante de redes,1,0,1,0,1,0,0,0,0,0
896,Practicante de derecho,1,0,1,0,1,0,1,1,0,0
897,Cadista practicante freelance,1,0,0,0,0,0,0,0,0,0
898,Practicante de contabilidad,1,0,0,0,0,0,0,0,0,0
899,Practicante de ingenieria industrial,1,0,0,0,0,0,0,0,0,0
900,Practicante programador de sistemas,1,0,0,0,0,0,0,0,1,1
901,Practicante de bartender,1,0,1,0,0,0,0,0,0,0
902,Practicante legal pre- profesional,1,0,0,0,0,0,0,0,0,0
903,Practicante marketing manager,1,1,1,0,0,0,1,0,0,0
904,Practicante de farmacia,1,0,0,0,1,0,0,0,0,0
905,Practicante profesional de contabilidad,1,0,0,0,1,0,1,0,0,0
906,Practicante de cocina,1,0,0,0,0,0,0,0,0,0
907,Practicante en contabilidad,1,0,0,0,0,0,0,0,0,0
908,Practicas pre-profesionales,1,0,0,0,1,0,0,0,0,0
909,Practicante de ingeniería eléctrica,1,1,0,1,1,0,0,1,0,0
910,Practicante en trabajo social,1,0,0,0,0,0,0,0,0,0
911,Practicante contable por horas,1,0,0,0,0,0,0,1,0,0
912,Practicante asistente administrativo,1,0,0,0,0,0,0,1,0,0
913,Practicante legal junior,1,0,0,0,1,0,0,0,0,0
914,Asesor de ventas (practicantes),1,0,0,0,0,0,0,0,0,0
915,Asistente administrativo - practicante preprofesional,1,0,1,1,0,1,0,1,0,0
916,Practicante profesional de contabilidad,1,0,0,0,1,0,0,0,0,0
917,Practicante industrias alimentarias,1,0,1,1,0,0,0,0,0,0
918,Practicante de sistemas,1,0,1,0,0,0,0,1,0,0
919,Practicante pre-profesional de regulación,1,0,0,0,1,0,0,0,0,0
920,Practicante pre-profesional de regulación,1,0,0,0,1,0,0,0,0,0
921,Practicante pre-profesional de regulación,1,0,0,0,1,0,0,0,0,0
922,Practicante profesional de ingeniería industrial,1,1,0,1,0,1,0,1,0,0
923,Practicante profesional de ingeniería industrial,1,1,0,1,0,1,0,1,0,0
924,Practicante profesional de ingeniería industrial,1,1,0,1,0,1,0,1,0,0
925,Practicante profesional de ahorros - huancayo,1,0,0,1,0,1,0,0,0,0
926,Practicante profesional de comunicaciones - arequipa,1,1,1,0,1,0,1,0,1,0
927,Practicante de innovación y transformación,1,0,1,1,1,0,0,0,1,1
928,Practicante pre profesional de compras,1,0,0,1,0,1,0,1,0,0
929,Practicante profesional de ingeniería civil,1,0,0,1,0,0,0,1,0,0
931,Practicante profesional administración y operaciones,1,1,1,1,1,1,0,1,0,0
932,Practicante pre profesional de proyectos,1,1,0,1,0,1,0,1,0,0
933,Practicante pre profesional de contabilidad,1,1,0,0,1,0,0,1,0,1
934,Practicante profesional de ingeniería industrial,1,0,0,1,0,1,1,0,0,0
935,Practicante pre profesional de programación,1,0,0,0,0,0,0,0,0,0
936,Practicante pre profesional de tesorería,1,0,1,0,1,0,0,1,0,0
937,Practicante profesional del área comercial,1,0,0,0,1,0,0,1,0,1
938,Practicante pro experiencia al colaborador,1,1,0,0,0,0,0,1,0,0
939,Practicante pre profesional de data,1,0,1,1,1,1,1,0,0,1
940,Practicante profesional de help desk,1,0,1,1,1,0,0,0,0,0
941,Practicante de ingeniería de procesos,1,1,0,1,0,1,0,0,1,1
942,Practicante de comunicaciones - latam airlines,1,1,0,0,1,0,1,0,0,0
943,Practicante profesional de soporte informático,1,0,1,0,1,0,1,0,0,0
944,Practicante profesional de facturación - lima,1,0,0,0,1,0,0,1,0,0
945,Practicante profesional de ing. industrial,1,0,0,1,0,1,1,0,0,0
946,Practicante pre profesional de nómina,1,1,1,1,1,1,0,1,0,0
947,Practicante de sig - sede ate,1,0,0,1,0,1,1,0,0,0
948,Practicante de control de gestión,1,0,0,0,0,0,0,1,0,0
949,Practicante pre profesional de sistemas,1,0,0,1,1,0,1,0,0,1
950,Practicante de base de datos,1,0,0,0,1,0,0,0,0,0
951,Practicante business intelligence y marketing,1,0,1,1,0,1,0,1,0,1
952,Practicante de planeamiento de ventas,1,1,0,1,1,1,0,1,0,0
953,Practicante profesional de tecnología informática,1,0,0,0,1,1,0,1,0,0
954,Practicante profesional diseño gráfico - marketing,1,0,0,0,0,0,0,0,1,0
955,Practicante profesional de almacén premium,1,0,0,1,0,0,0,0,0,0
956,Representante de ventas/ practicante comercial,1,1,1,0,0,0,0,0,0,0
957,Practicante de servicio al cliente,1,0,0,0,0,0,1,1,0,0
958,Practicante pre profesional de derecho,1,0,0,0,1,0,1,0,0,0
959,Especialista devops - practicante (cajamarca),1,0,1,1,0,0,0,1,0,1
960,Especialista devops - practicante (lima),1,0,1,1,0,0,0,1,0,1
961,Practicante pre/profesional de contraloría,1,1,0,1,1,1,0,1,0,0
962,Full stack developer - practicante (cajamarca),1,0,1,1,0,0,0,1,1,1
963,Practicante profesional de recursos minerales,1,0,0,0,1,0,1,0,0,0
964,Practicante profesional del área comercial,1,0,0,0,1,0,0,1,0,1
965,Practicante de producto - marcas propias,1,0,1,0,0,0,0,1,1,0
966,Practicante de mantenimiento - planta lurin,1,0,1,0,0,0,0,0,0,0
967,Full stack developer - practicante (lima),1,0,1,1,0,0,0,1,1,1
968,Practicante pre-profesional de vas/ott,1,0,0,1,0,1,0,1,0,0
969,Practicante pre-profesional de vas/ott,1,0,0,1,0,1,0,1,0,0
970,Practicante pre-profesional de vas/ott,1,0,0,1,0,1,0,1,0,0
971,Practicante pre-profesional de inteligencia de negocios,1,0,0,1,1,0,1,0,0,0
972,Practicante pre-profesional de inteligencia de negocios,1,0,0,1,1,0,1,0,0,0
973,Practicante pre-profesional de inteligencia de negocios,1,0,0,1,1,0,1,0,0,0
974,Perfil del practicante  de ingenieria civil-sanitario,1,0,1,0,0,0,0,0,0,0
975,Perfil del practicante  de ingenieria civil-sanitario,1,0,1,0,0,0,0,0,0,0
976,Perfil del practicante  de ingenieria civil-sanitario,1,0,1,0,0,0,0,0,0,0
977,Practicante de proyectos  -  investigación del mercado,1,0,1,0,1,0,0,0,0,0
978,Practicante de proyectos  -  investigación del mercado,1,0,1,0,1,0,0,0,0,0
979,Practicante de proyectos  -  investigación del mercado,1,0,1,0,1,0,0,0,0,0
980,Practicante profesional de salud y seguridad,1,1,0,0,1,0,0,0,0,0
981,Practicante profesional de salud y seguridad,1,1,0,0,1,0,0,0,0,0
982,Practicante profesional de salud y seguridad,1,1,0,0,1,0,0,0,0,0
983,Practicante de ingeniería (desarrollo de softwares),1,1,1,1,0,0,1,0,0,0
984,Practicante pre profesional marketing - marca wong,1,0,1,1,0,1,0,1,0,0
985,Practicante egresado de laboratorio suelos y concreto,1,0,0,0,0,0,0,0,0,0
986,Practicante profesional de soporte gestión social,1,0,1,1,0,1,1,0,0,0
987,Practicante de recursos humanos - part time,1,1,0,0,0,0,1,0,0,1
988,Practicante - innovación y desarrollo de producto,1,1,0,1,0,1,1,0,1,0
989,Practicante de ingeniería electrónica/telecomunicaciones - chiclayo,1,0,0,1,0,0,0,1,0,0
990,Practicante de seguridad de la información,1,1,0,1,1,1,0,1,0,1
991,Practicante profesional de surtido - planificación comercial,1,1,0,1,1,1,0,1,0,0
992,Practicante profesional ti - proyectos de servicios,1,0,0,0,1,0,0,0,1,0
993,Practicante / auxiliar de reclutamiento - sede arequipa,1,0,1,0,0,0,0,0,0,0
994,Practicante pre profesional de costos - temporal,1,0,1,0,1,0,0,1,0,0
995,Practicante pre profesional de diseño gráfico,1,0,0,0,0,0,0,0,1,0
996,Practicas profesionales (representante de servicios)- pucallpa,1,0,1,0,1,0,0,1,0,0
997,Practicante pre-profesional de marketing de producto,1,0,0,0,1,0,1,0,0,0
998,Practicante pre-profesional de campañas comerciales,1,0,0,1,1,1,1,0,0,1
999,Practicante de compliance y control interno,1,0,0,1,1,1,1,0,0,1
1000,Practicante de secretaria general - asesoría legal,1,0,0,0,1,0,0,1,0,0
1001,Practicante pre profesional de tecnología informática,1,0,0,0,1,1,0,1,0,0
1002,"Practicante profesional de rrhh, organización y métodos",1,1,0,0,1,0,0,1,1,0
1003,Practicante de programación b2c,1,1,1,0,0,0,0,0,0,0
1004,Practicante de diseño gráfico - comunicación interna,1,0,0,0,0,0,0,1,1,0
1005,Practicante pre profesional de gestión de costos,1,0,0,0,1,1,0,1,0,1
1006,Practicante de gestión de portafolio | diners club,1,1,1,1,0,1,0,1,0,1
1007,Practicante profesional de centro de distribución – lurín,1,1,0,0,0,1,0,1,0,0
1008,Practicante de gestión de padres de familia,1,0,0,0,0,0,0,1,0,0
1009,Afp integra- practicante de planeamiento comercial,1,0,0,1,1,0,1,1,0,0
1010,Practicante de diseño grafico - part time,1,0,1,0,0,0,0,0,1,0
1011,Practicante de base de datos y desarrollo,1,0,0,0,1,0,0,0,0,1
1012,Practicante de diseño grafico ultimos ciclos,1,0,0,0,0,0,0,0,0,0
1013,Practicante de sistemas junior - medio tiempo,1,0,1,0,1,0,0,1,0,0
1014,Practicante de negocios internacionales ad honorem,1,1,1,0,0,0,1,1,0,0
1015,Escuela de asesores de negocios - agencia tarma  // practicas profesionales,1,0,0,0,0,0,0,0,0,0
1016,Practicante pre profesional de cultura y desarrollo organizacional,1,0,0,1,0,1,0,1,0,0
1017,Practicante part time - soporte técnico equipos //lurin -división permanent placement,1,0,1,0,0,0,1,0,0,0
1018,Practicante profesional de servicio y atención al cliente,1,0,0,1,0,1,1,0,0,0
1019,Practicante pre profesional de administración -  clínica san borja,1,0,1,1,1,1,0,1,0,1
1020,Practicante profesional de seguridad y salud en el trabajo (sst),1,0,0,0,0,1,1,0,0,0
1021,Practicante preprofesional- ejecutivo de negocios en formación (pucallpa),1,0,1,1,0,0,0,1,0,0
1023,Practicante pre profesional de fidelización & bienestar del asociado,1,0,0,0,1,0,0,0,0,0
1024,Practicante de tesoreria y contabilidad (egresados 2018 - 2019),1,1,0,1,1,1,0,1,0,1
1025,"Practicante pre profesional de rrhh, organización y métodos",1,1,0,0,1,0,0,1,1,0
1026,Practicante pre profesional área de créditos agencia villa rica,1,1,1,1,1,0,0,0,0,0
1027,"Practicante pre profesional seguridad, salud ocupacional y medio ambiente",1,1,0,1,0,1,1,1,0,0
1028,Practicante profesional de atención al cliente - egresados de administración ing industrial  afines,1,0,0,1,0,1,0,0,0,0
